,id,check-in,check-out,titulo,titulo_2,atributo_1,atributo_2,atributo_3,atributo_4,atributo_5,atributo_6,atributo_7,atributo_8,avalia√ß√£o,coment√°rios,pre√ßo,pre√ßo_total,superhost
0,31185419,2021-02-19,2021-02-21,Casa de h√≥spedes inteira em Bertioga,Casa Temporada em Borac√©ia C/ Piscina-Casa T√©rrea,6 h√≥spedes,2 quartos,4 camas,1 banheiro,Wi-Fi,Permitido animais,Cozinha,Piscina,4.74,32,232,514,Raridade
1,46033720,2021-02-19,2021-02-21,Apartamento inteiro em Jos√© Menino,"Studio 607, frente ao mar, completo  todo decorado",4 h√≥spedes,1 quarto,2 camas,1 banheiro,Wi-Fi,Self check-In,Vista para o mar,Ar-condicionado,5.0,10,193,520,Raridade
2,40658541,2021-02-19,2021-02-21,Casa inteira em Bertioga,Casa Praia Bertioga/SP a partir de R$100 p/pessoa,5 h√≥spedes,2 quartos,4 camas,2 banheiros,Wi-Fi,Ar-condicionado,Estacionamento gratuito,Permitido animais,4.77,13,263,525,Novo pre√ßo mais baixo
3,36673683,2021-02-19,2021-02-21,Apartamento inteiro em Embar√©,Apartamento em frente a praia no Embar√© - Santos,4 h√≥spedes,1 quarto,2 camas,1 banheiro,Elevador,Wi-Fi,Ar-condicionado,Cozinha,4.85,34,206,411,Raridade
4,22299956,2021-02-19,2021-02-21,Apartamento inteiro em Jos√© Menino,Frente e vista para o mar de Santos e S√£o Vicente.,3 h√≥spedes,Est√∫dio,3 camas,1 banheiro,Elevador,Wi-Fi,Vista para o mar,Permitido animais,4.83,92,154,388,Novo pre√ßo mais baixo
5,20193688,2021-02-19,2021-02-21,Apartamento inteiro em Jardim Las Palmas,Ast√∫rias Apto aconchegante perto da praia,2 h√≥spedes,1 quarto,1 cama,1 banheiro,Elevador,Ar-condicionado,Estacionamento gratuito,Cozinha,4.82,46,206,411,Novo pre√ßo mais baixo
6,44860968,2021-02-26,2021-02-28,Apartamento inteiro em Centro,"Praia do Gonzaguinha, quintal de casa - SV",2 h√≥spedes,1 quarto,1 cama,1 banheiro,Wi-Fi,Self check-In,Estacionamento gratuito,Permitido animais,5.0,12,108,285,Novo pre√ßo mais baixo
7,39763299,2021-02-26,2021-02-28,Apartamento inteiro em Jos√© Menino,"Conforto,frente √† praia do Jos√© menino/Santos",3 h√≥spedes,Est√∫dio,2 camas,1 banheiro,Elevador,Vista para o mar,Permitido animais,Cozinha,4.65,51,108,296,Novo pre√ßo mais baixo
8,23228589,2021-02-26,2021-02-28,Condom√≠nio inteiro em Praia da Borac√©ia,Boraceia Cobertura Triplex Fant√°stica  Climatizada,10 h√≥spedes,3 quartos,7 camas,3 banheiros,Elevador,Wi-Fi,Self check-In,Vista para o mar,4.88,74,316,921,Novo pre√ßo mais baixo
9,36673683,2021-02-19,2021-02-21,Apartamento inteiro em Embar√©,Apartamento em frente a praia no Embar√© - Santos,4 h√≥spedes,1 quarto,2 camas,1 banheiro,Wi-Fi,Ar-condicionado,Cozinha,Elevador,4.85,34,206,411,Raridade
10,32122816,2021-02-19,2021-02-21,Condom√≠nio inteiro em Balne√°rio Mogiano,Apartamento familiar c/ wi-fi-  Praia de Boraceia,6 h√≥spedes,2 quartos,6 camas,2 banheiros,Wi-Fi,Cozinha,Estacionamento gratuito,Permitido animais,4.54,37,236,571,Novo pre√ßo mais baixo
11,45362756,2021-02-19,2021-02-21,Apartamento inteiro em S√©,"Su√≠te com Sacada no 24¬∫ Andar, Wi-Fi & Cama Queen!",2 h√≥spedes,1 quarto,1 cama,1 banheiro,Wi-Fi,Ar-condicionado,Piscina,Academia,4.85,60,99,283,Raridade
12,47269113,2021-02-19,2021-02-21,Apartamento inteiro em Centervalle,Apto novinho em condom√≠nio clube,6 h√≥spedes,2 quartos,3 camas,2 banheiros,Cozinha,Estacionamento gratuito,Academia,Elevador,5.0,3,297,753,Novo pre√ßo mais baixo
13,22299956,2021-02-19,2021-02-21,Apartamento inteiro em Jos√© Menino,Frente e vista para o mar de Santos e S√£o Vicente.,3 h√≥spedes,Est√∫dio,3 camas,1 banheiro,Wi-Fi,Cozinha,Permitido animais,Elevador,4.83,92,154,388,Novo pre√ßo mais baixo
14,40658541,2021-02-19,2021-02-21,Casa inteira em Bertioga,Casa Praia Bertioga/SP a partir de R$100 p/pessoa,5 h√≥spedes,2 quartos,4 camas,2 banheiros,Wi-Fi,Ar-condicionado,Cozinha,Estacionamento gratuito,4.77,13,263,525,Novo pre√ßo mais baixo
15,29256883,2021-02-19,2021-02-21,Apartamento inteiro em Parque Enseada,"Guaruj√° , Enseada,  Proximo da Praia.",5 h√≥spedes,2 quartos,3 camas,2 banheiros e meio,Wi-Fi,Ar-condicionado,Piscina,Cozinha,4.89,46,268,536,Novo pre√ßo mais baixo
17,21282060,2021-02-19,2021-02-21,Quarto inteiro em Guaruj√°,"Ampla suite casal terra√ßo vista p.mar , ar cond.",2 h√≥spedes,2 quartos,1 cama,2 banheiros,Ar-condicionado,Cozinha,Estacionamento gratuito,Permitido animais,4.63,43,131,412,Novo pre√ßo mais baixo
18,21675628,2021-02-19,2021-02-21,Apartamento inteiro em Jos√© Menino,Studio Holliday - Linda vista da praia (Santos/SP),4 h√≥spedes,Est√∫dio,1 cama,1 banheiro,Wi-Fi,Ar-condicionado,Cozinha,Estacionamento gratuito,4.93,85,171,461,Raridade
19,41950400,2021-02-19,2021-02-21,Condom√≠nio inteiro em Loteamento Costa do Sol,Apartamento em Condom√≠nio fechado pr√≥ximo a praia,4 h√≥spedes,1 quarto,3 camas,1 banheiro,Wi-Fi,Ar-condicionado,Piscina,Cozinha,4.76,21,335,730,Novo pre√ßo mais baixo
20,4839455,2021-02-19,2021-02-21,Apartamento inteiro em Bertioga,Apart. na Riviera de S√£o Louren√ßo,4 h√≥spedes,1 quarto,1 cama,1 banheiro,Wi-Fi,Ar-condicionado,Piscina,Cozinha,4.73,99,514,1.027,Novo pre√ßo mais baixo
21,40658541,2021-02-26,2021-02-28,Casa inteira em Bertioga,Casa Praia Bertioga/SP a partir de R$100 p/pessoa,5 h√≥spedes,2 quartos,4 camas,2 banheiros,Wi-Fi,Ar-condicionado,Estacionamento gratuito,Permitido animais,4.77,13,263,525,Novo pre√ßo mais baixo
22,39790134,2021-02-26,2021-02-28,Apartamento inteiro em Riviera de S√£o Louren√ßo,Lindo Flat 237 de 1 dorm em Riviera,6 h√≥spedes,1 quarto,3 camas,1 banheiro,Wi-Fi,Ar-condicionado,Estacionamento gratuito,Cozinha,4.76,17,410,970,Novo pre√ßo mais baixo
23,20774709,2021-02-26,2021-02-28,"Apartamento inteiro em Guaruj√°, Pitangueiras Centro",Guaruj√° Centro Pitangueiras Wi-Fi,4 h√≥spedes,1 quarto,3 camas,1 banheiro,Elevador,Self check-In,Estacionamento gratuito,Permitido animais,4.49,98,188,456,Novo pre√ßo mais baixo
24,22299956,2021-02-26,2021-02-28,Apartamento inteiro em Jos√© Menino,Frente e vista para o mar de Santos e S√£o Vicente.,3 h√≥spedes,Est√∫dio,3 camas,1 banheiro,Elevador,Wi-Fi,Vista para o mar,Permitido animais,4.83,92,154,388,Novo pre√ßo mais baixo
25,45755921,2021-02-26,2021-02-28,Apartamento inteiro em Riviera de S√£o Louren√ßo,Flat 257 com piscina aquecida e servi√ßo de praia,5 h√≥spedes,1 quarto,2 camas,1 banheiro,Wi-Fi,Ar-condicionado,Estacionamento gratuito,Piscina,5.0,10,387,924,Novo pre√ßo mais baixo
27,30282988,2021-02-19,2021-02-21,Apartamento inteiro em Itarare,"Studio em S√£o Vicente , Sp , Praia dos milion√°rios",3 h√≥spedes,Est√∫dio,2 camas,1 banheiro,Wi-Fi,Ar-condicionado,Cozinha,Estacionamento gratuito,4.89,9,240,479,Novo pre√ßo mais baixo
28,39790134,2021-02-26,2021-02-28,Apartamento inteiro em Riviera de S√£o Louren√ßo,Lindo Flat 237 de 1 dorm em Riviera,6 h√≥spedes,1 quarto,3 camas,1 banheiro,Wi-Fi,Ar-condicionado,Piscina,Cozinha,4.76,17,410,970,Novo pre√ßo mais baixo
29,42165849,2021-02-26,2021-02-28,Quarto inteiro em Morada da Praia,PRAIA e CAMPO reserva (Suite n4) - Morada da Praia,3 h√≥spedes,1 quarto,3 camas,1 banheiros privado,Wi-Fi,Piscina,Cozinha,Estacionamento gratuito,5.0,14,232,514,Novo pre√ßo mais baixo
30,45755921,2021-02-26,2021-02-28,Apartamento inteiro em Riviera de S√£o Louren√ßo,Flat 257 com piscina aquecida e servi√ßo de praia,5 h√≥spedes,1 quarto,2 camas,1 banheiro,Wi-Fi,Ar-condicionado,Piscina,Estacionamento gratuito,5.0,10,387,924,Novo pre√ßo mais baixo
31,41477427,2021-02-26,2021-02-28,Quarto inteiro em Pitangueiras,Su√≠te Guaruj√° apto Frente Mar 1,9 h√≥spedes,1 quarto,4 camas,1 banheiros privado,Wi-Fi,Cozinha,Permitido animais,Elevador,4.97,32,184,368,Novo pre√ßo mais baixo
32,32407595,2021-02-26,2021-02-28,Apartamento inteiro em Parque Enseada,Apartamento 1 dormit√≥rio com piscina e lazer,6 h√≥spedes,1 quarto,1 cama,1 banheiro,Wi-Fi,Piscina,Cozinha,Estacionamento gratuito,4.67,12,220,559,Novo pre√ßo mais baixo
33,22210241,2021-02-26,2021-02-28,Apartamento inteiro em Guilhermina,Apartamento TOP h√° uma quadra da praia.,4 h√≥spedes,1 quarto,2 camas,1 banheiro,Wi-Fi,Piscina,Cozinha,Estacionamento gratuito,4.94,118,176,411,Novo pre√ßo mais baixo
34,43932528,2021-02-26,2021-02-28,Apartamento inteiro em Vila Matias,FUSION HOME | Garagem | Wi-Fi | Netflix,5 h√≥spedes,1 quarto,1 cama,1 banheiro,Wi-Fi,Ar-condicionado,Piscina,Cozinha,4.94,32,240,605,Novo pre√ßo mais baixo
35,38125377,2021-02-26,2021-02-28,Apartamento inteiro em S√©,"Studio Mobiliado com Cooktop, Varanda & Wi-Fi! (:",2 h√≥spedes,1 quarto,1 cama,1 banheiro,Wi-Fi,Ar-condicionado,Piscina,Cozinha,4.82,87,99,283,Novo pre√ßo mais baixo
36,45740885,2021-02-26,2021-02-28,Apartamento inteiro em Ilha Porchat,"Ilha Porchat, com vista deslumbrante para o mar.",2 h√≥spedes,1 quarto,1 cama,1 banheiro,Wi-Fi,Cozinha,Estacionamento gratuito,Vista para o mar,5.0,12,293,685,Novo pre√ßo mais baixo
37,46261182,2021-02-26,2021-02-28,Casa inteira em Maitinga,Casa do Sol - Bertioga - 50m da Praia,10 h√≥spedes,3 quartos,9 camas,3 banheiros e meio,Piscina,Wi-Fi,Estacionamento gratuito,Ar-condicionado,5.0,8,414,1.027,Novo pre√ßo mais baixo
38,21987927,2021-02-26,2021-02-28,Condom√≠nio inteiro em Indai√°,"Bertioga, Indai√°, Condom√≠nio de frente para o Mar",6 h√≥spedes,2 quartos,2 camas,2 banheiros,Elevador,Wi-Fi,Academia,Self check-In,4.83,30,585,1.369,Novo pre√ßo mais baixo
39,33075341,2021-02-26,2021-02-28,Apartamento inteiro em Barra Funda,"Kitnet Guaruj√° Centro, Pitangueiras",4 h√≥spedes,1 quarto,3 camas,1 banheiro,Elevador,Self check-In,Estacionamento gratuito,Cozinha,4.60,54,188,456,Novo pre√ßo mais baixo
40,40207948,2021-02-26,2021-02-28,Apartamento inteiro em Avia√ß√£o,Apto loca√ß√£o Praia Grande (Avia√ß√£o) WiFi - NetFlix,6 h√≥spedes,2 quartos,2 camas,2 banheiros,Elevador,Wi-Fi,Estacionamento gratuito,Cozinha,5.0,21,275,549,Novo pre√ßo mais baixo
41,31023373,2021-02-26,2021-02-28,Casa inteira em Jd Albatroz II,Babu's House Bertioga Rio Jacareguava,12 h√≥spedes,3 quartos,12 camas,3 banheiros,Wi-Fi,Estacionamento gratuito,Permitido animais,Cozinha,4.88,8,208,566,Novo pre√ßo mais baixo
42,41950400,2021-02-26,2021-02-28,Condom√≠nio inteiro em Loteamento Costa do Sol,Apartamento em Condom√≠nio fechado pr√≥ximo a praia,4 h√≥spedes,1 quarto,3 camas,1 banheiro,Wi-Fi,Ar-condicionado,Estacionamento gratuito,Cozinha,4.76,21,335,730,Novo pre√ßo mais baixo
43,46261182,2021-02-26,2021-02-28,Casa inteira em Maitinga,Casa do Sol - Bertioga - 50m da Praia,10 h√≥spedes,3 quartos,9 camas,3 banheiros e meio,Wi-Fi,Self check-In,Lava-lou√ßas,Ar-condicionado,5.0,8,414,1.027,Novo pre√ßo mais baixo
44,29281693,2021-02-26,2021-02-28,Casa de h√≥spedes inteira em Balneario Mogiano,Casa de Praia em Borac√©ia C/ Piscina-Casa Superior,6 h√≥spedes,2 quartos,6 camas,1 banheiro,Wi-Fi,Estacionamento gratuito,Permitido animais,Cozinha,4.88,49,232,514,Raridade
45,47052142,2021-02-26,2021-02-28,Apartamento inteiro em Jardim Paulista,Apto Vista para o Mar Centro Bertioga,6 h√≥spedes,2 quartos,3 camas,2 banheiros,Piscina,Wi-Fi,Estacionamento gratuito,Ar-condicionado,5.0,3,400,799,Novo pre√ßo mais baixo
46,17164214,2021-02-19,2021-02-21,Apartamento inteiro em Santos,BOOK SANTOS - Estanconfor 605 - Apto. Executivo,4 h√≥spedes,1 quarto,2 camas,1 banheiro,Piscina,Wi-Fi,Estacionamento gratuito,Ar-condicionado,4.78,36,267,664,Novo pre√ßo mais baixo
47,44169847,2021-02-19,2021-02-21,Condom√≠nio inteiro em Jos√© Menino,Book Santos ‚Äî Unlimited 1412 ‚Äî Est√∫dio completo‚Ä¶,4 h√≥spedes,1 quarto,2 camas,1 banheiro,Piscina,Wi-Fi,Estacionamento gratuito,Ar-condicionado,4.77,22,288,706,Raridade
48,21987927,2021-02-26,2021-02-28,Condom√≠nio inteiro em Indai√°,"Bertioga, Indai√°, Condom√≠nio de frente para o Mar",6 h√≥spedes,2 quartos,2 camas,2 banheiros,Piscina,Wi-Fi,Estacionamento gratuito,Ar-condicionado,4.83,30,585,1.369,Novo pre√ßo mais baixo
49,22191569,2021-02-26,2021-02-28,Apartamento inteiro em Jd Neptunia,"O Melhor de Bertioga em Indai√°, √° 50 m da praia.",6 h√≥spedes,2 quartos,5 camas,2 banheiros,Piscina,Wi-Fi,Estacionamento gratuito,Ar-condicionado,4.95,55,581,1.312,Novo pre√ßo mais baixo
50,41623975,2021-02-26,2021-02-28,Apartamento inteiro em Vila Clais,Apto em Resort vista para praia com sacada gourmet,6 h√≥spedes,2 quartos,10 camas,2 banheiros,Piscina,Wi-Fi,Estacionamento gratuito,Ar-condicionado,4.95,21,554,1.107,Novo pre√ßo mais baixo
51,24204994,2021-02-26,2021-02-28,Apartamento inteiro em Pitangueiras,Pitangueiras Guaruj√° Kitnet 1dorm 50m da praia!,3 h√≥spedes,1 quarto,2 camas,1 banheiro,Cozinha,Permitido animais,Elevador,Self check-In,4.56,17,208,466,Novo pre√ßo mais baixo
52,45855495,2021-02-26,2021-02-28,Apartamento inteiro em Praia Grande,"PG Frente ao mar. Espa√ßoso, aconchegante com wifi",6 h√≥spedes,2 quartos,3 camas,2 banheiros,Wi-Fi,Cozinha,Estacionamento gratuito,Permitido animais,4.91,11,239,628,Raridade
53,33075341,2021-02-26,2021-02-28,Apartamento inteiro em Barra Funda,"Kitnet Guaruj√° Centro, Pitangueiras",4 h√≥spedes,1 quarto,3 camas,1 banheiro,Cozinha,Estacionamento gratuito,Elevador,M√°quina de Lavar,4.60,54,188,456,Novo pre√ßo mais baixo
54,41623975,2021-02-19,2021-02-21,Apartamento inteiro em Vila Clais,Apto em Resort vista para praia com sacada gourmet,6 h√≥spedes,2 quartos,10 camas,2 banheiros,Piscina,Wi-Fi,Estacionamento gratuito,Ar-condicionado,4.95,21,554,1.107,Novo pre√ßo mais baixo
55,32166447,2021-02-26,2021-02-28,Apartamento inteiro em Centro,"Su√≠te moderna com Wi-Fi, Smart TV e Cama Queen!",2 h√≥spedes,1 quarto,1 cama,1 banheiro,Elevador,Wi-Fi,Academia,Self check-In,4.82,191,99,283,Novo pre√ßo mais baixo
56,24204994,2021-02-26,2021-02-28,Apartamento inteiro em Pitangueiras,Pitangueiras Guaruj√° Kitnet 1dorm 50m da praia!,3 h√≥spedes,1 quarto,2 camas,1 banheiro,Elevador,Self check-In,Vista para o mar,Permitido animais,4.56,17,208,466,Novo pre√ßo mais baixo
57,39113772,2021-02-26,2021-02-28,Flat inteiro em Riviera de S√£o Louren√ßo,"Flat 150m da praia, ar todos dorm, piscina rooftop",5 h√≥spedes,1 quarto,2 camas,1 banheiro,Elevador,Wi-Fi,Academia,Secadora,4.96,56,610,1.284,Raridade
58,45439335,2021-02-26,2021-02-28,Casa inteira em Bertioga,Casa de f√©rias na praia de Bertioga-SP,5 h√≥spedes,1 quarto,3 camas,1 banheiro,Wi-Fi,Estacionamento gratuito,Permitido animais,Cozinha,5.0,13,400,799,Novo pre√ßo mais baixo
59,39646858,2021-02-26,2021-02-28,Apartamento inteiro em Centro,AP 52 ‚Ä¢ 01 QUADRA DA PRAIA DAS PITANGUEIRAS,4 h√≥spedes,2 quartos,2 camas,1 banheiro,Wi-Fi,Cozinha,Permitido animais,Elevador,4.71,41,237,593,Raridade
60,39507287,2021-02-26,2021-02-28,Casa inteira em Bertioga,SOBRADO NOVO em BERTIOGA-Vista Linda S25 (do meio),6 h√≥spedes,3 quartos,4 camas,2 banheiros e meio,Wi-Fi,Cozinha,Estacionamento gratuito,Permitido animais,4.97,34,251,631,Novo pre√ßo mais baixo
61,43885755,2021-02-26,2021-02-28,Casa inteira em Maitinga,Casa p√© na areia em condom√≠nio fechado em Bertioga,6 h√≥spedes,2 quartos,7 camas,1 banheiro e meio,Wi-Fi,Cozinha,Estacionamento gratuito,M√°quina de Lavar,5.0,11,382,913,Novo pre√ßo mais baixo
62,39535674,2021-02-19,2021-02-21,Apartamento inteiro em Boqueir√£o,Conforto na praia,4 h√≥spedes,1 quarto,4 camas,1 banheiro,Wi-Fi,Ar-condicionado,Piscina,Cozinha,4.85,46,290,650,Novo pre√ßo mais baixo
63,20590298,2021-02-19,2021-02-21,Apartamento inteiro em Jardim Santa Genoveva,APTO INTEIRO e confort√°vel - Praia da Enseada.,6 h√≥spedes,2 quartos,5 camas,1 banheiro,Wi-Fi,Cozinha,Estacionamento gratuito,Elevador,4.89,85,196,512,Novo pre√ßo mais baixo
64,41285243,2021-02-19,2021-02-21,Apartamento inteiro em Guilhermina,Apto. 1  dorm. Pr√©dio Frente Mar,6 h√≥spedes,1 quarto,0 camas,1 banheiro,Wi-Fi,Cozinha,Estacionamento gratuito,Permitido animais,4.75,12,197,394,Novo pre√ßo mais baixo
65,35592746,2021-02-19,2021-02-21,Condom√≠nio inteiro em Embar√©,Conforto na rua da praia!,4 h√≥spedes,1 quarto,3 camas,1 banheiro,Wi-Fi,Ar-condicionado,Cozinha,Estacionamento gratuito,5.0,29,248,536,Novo pre√ßo mais baixo
66,46642800,2021-02-19,2021-02-21,Apartamento inteiro em Jos√© Menino,Book Santos - Unlimited 3211 - No alto do Arranha C√©us,4 h√≥spedes,1 quarto,2 camas,1 banheiro,Wi-Fi,Ar-condicionado,Piscina,Cozinha,4.88,8,341,812,Raridade
68,17120847,2021-02-19,2021-02-21,Apartamento inteiro em Bertioga,Apartamento frente ao mar - Praia do Indai√°,6 h√≥spedes,2 quartos,5 camas,2 banheiros,Wi-Fi,Ar-condicionado,Piscina,Cozinha,4.94,36,697,1.558,Raridade
69,45214967,2021-02-19,2021-02-21,Casa inteira em Praia de Juque√≠,"Casinha Linda! C/ Piscina Privativa, Ar, Churras..",4 h√≥spedes,1 quarto,3 camas,1 banheiro,Wi-Fi,Ar-condicionado,Piscina,Cozinha,4.94,18,636,1.422,Raridade
70,39458084,2021-02-19,2021-02-21,Apartamento inteiro em Riviera de S√£o Louren√ßo,Flat 239 muito bem decorado em Riviera,6 h√≥spedes,2 quartos,3 camas,2 banheiros,Wi-Fi,Ar-condicionado,Piscina,Cozinha,4.65,34,696,1.541,Novo pre√ßo mais baixo
71,46545728,2021-02-19,2021-02-21,Apartamento inteiro em Aparecida,"P√© na Areia, em frente a praia, no Embar√© Santos",4 h√≥spedes,1 quarto,2 camas,1 banheiro,Wi-Fi,Ar-condicionado,Cozinha,Permitido animais,5.0,3,228,456,Novo pre√ßo mais baixo
72,39113772,2021-02-26,2021-02-28,Flat inteiro em Riviera de S√£o Louren√ßo,"Flat 150m da praia, ar todos dorm, piscina rooftop",5 h√≥spedes,1 quarto,2 camas,1 banheiro,Piscina,Wi-Fi,Estacionamento gratuito,Ar-condicionado,4.96,56,610,1.284,Raridade
73,22898642,2021-02-19,2021-02-21,Apartamento inteiro em Centerville,"A PRAIA EST√Å ABERTA!
Apartamento em Bertioga-SP",4 h√≥spedes,1 quarto,3 camas,1 banheiro,Vista para as √°guas,Ar-condicionado,Estacionamento gratuito,Permitido animais,4.45,75,106,262,Novo pre√ßo mais baixo
78,37745985,2021-02-19,2021-02-21,Apartamento inteiro em S√©,Studio Completo ao lado do Metr√¥ com Portaria 24h!,2 h√≥spedes,1 quarto,1 cama,1 banheiro,Wi-Fi,Ar-condicionado,Piscina,Academia,4.60,123,94,273,Raridade
79,42119874,2021-02-19,2021-02-21,Casa inteira em Bertioga,Bertioga sobrado condom√≠nio fechado. Pr√≥ximo praia,4 h√≥spedes,2 quartos,4 camas,2 banheiros e meio,Piscina,Wi-Fi,Estacionamento gratuito,Ar-condicionado,4.89,9,290,650,Novo pre√ßo mais baixo
80,30760392,2021-02-19,2021-02-21,Casa inteira em Bertioga,Casa perto da praia com piscina e churrasqueira,9 h√≥spedes,3 quartos,9 camas,2 banheiros e meio,Ar-condicionado,Piscina,Cozinha,Estacionamento gratuito,4.72,32,321,822,Novo pre√ßo mais baixo
82,42001851,2021-02-19,2021-02-21,Casa inteira em Maitinga,Casa na Praia Bertioga 300mts da praia 200mts Sesc,4 h√≥spedes,2 quartos,3 camas,1 banheiro,Wi-Fi,Cozinha,Estacionamento gratuito,Permitido animais,4.75,16,247,593,Novo pre√ßo mais baixo
83,45020057,2021-02-19,2021-02-21,Apartamento inteiro em Jos√© Menino,Book Santos - Unlimited 911 - Est√∫dio Eleg√¢ncia,4 h√≥spedes,1 quarto,1 cama,1 banheiro,Wi-Fi,Ar-condicionado,Piscina,Cozinha,4.89,27,344,818,Raridade
84,47052142,2021-02-19,2021-02-21,Apartamento inteiro em Jardim Paulista,Apto Vista para o Mar Centro Bertioga,6 h√≥spedes,2 quartos,3 camas,2 banheiros,Wi-Fi,Ar-condicionado,Piscina,Cozinha,5.0,3,400,799,Novo pre√ßo mais baixo
85,45020057,2021-02-26,2021-02-28,Apartamento inteiro em Jos√© Menino,Book Santos - Unlimited 911 - Est√∫dio Eleg√¢ncia,4 h√≥spedes,1 quarto,1 cama,1 banheiro,Elevador,Wi-Fi,Academia,Self check-In,4.89,27,344,818,Raridade
86,46819820,2021-02-26,2021-02-28,Apartamento inteiro em Vila Clais,"Bertioga, condom√≠nio, p√© na areia.",6 h√≥spedes,1 quarto,3 camas,1 banheiro,Wi-Fi,Vista para o mar,Estacionamento gratuito,Cozinha,4.71,7,354,708,Novo pre√ßo mais baixo
88,45020057,2021-02-19,2021-02-21,Apartamento inteiro em Jos√© Menino,Book Santos - Unlimited 911 - Est√∫dio Eleg√¢ncia,4 h√≥spedes,1 quarto,1 cama,1 banheiro,Elevador,Wi-Fi,Academia,Self check-In,4.89,27,344,818,Raridade
89,45219846,2021-02-19,2021-02-21,Apartamento inteiro em Balneario Guaruj√°,Apto a 300m da praia Enseada,6 h√≥spedes,2 quartos,4 camas,2 banheiros,Wi-Fi,Ar-condicionado,Estacionamento gratuito,Cozinha,5.0,3,240,479,Novo pre√ßo mais baixo
90,41393871,2021-02-19,2021-02-21,Apartamento inteiro em Boa Vista,"KITNET CULT
PE NA AREIA
COMPLETA",4 h√≥spedes,1 quarto,6 camas,1 banheiro,Secadora,Entrada/sa√≠da para esquis,Estacionamento gratuito,Permitido animais,4.92,12,121,331,Novo pre√ßo mais baixo
93,20713038,2021-02-19,2021-02-21,Apartamento inteiro em Itarar√©,Total privacidade pr√≥ximo da praia.,2 h√≥spedes,1 quarto,1 cama,1 banheiro,Cozinha,Estacionamento gratuito,Permitido animais,Elevador,4.28,65,145,320,Novo pre√ßo mais baixo
94,44111956,2021-02-19,2021-02-21,Apartamento inteiro em S√©,"Apartamento no Centro c/ Cooktop, Forno & Sacada!",2 h√≥spedes,1 quarto,1 cama,1 banheiro,Wi-Fi,Ar-condicionado,Piscina,Cozinha,5.0,3,104,293,Novo pre√ßo mais baixo
95,31436143,2021-02-19,2021-02-21,Apartamento inteiro em Santos,BOOK SANTOS - Unlimited 1710 - Beira Mar c/ vista,4 h√≥spedes,1 quarto,2 camas,1 banheiro,Wi-Fi,Ar-condicionado,Piscina,Cozinha,4.89,35,313,756,Raridade
96,46261847,2021-02-19,2021-02-21,Apartamento inteiro em Riviera de S√£o Louren√ßo,Flat 237 Amarilis piscina e servi√ßo de praia,6 h√≥spedes,2 quartos,3 camas,1 banheiro,Piscina,Wi-Fi,Estacionamento gratuito,Ar-condicionado,4.25,8,467,1.084,Novo pre√ßo mais baixo
97,47156952,2021-02-19,2021-02-21,Apartamento inteiro em Riviera de S√£o Louren√ßo,APARTAMENTO/QUARTO ACONCHEGANTE EM RIVIERA.,5 h√≥spedes,1 quarto,4 camas,1 banheiro,Piscina,Wi-Fi,Estacionamento gratuito,Ar-condicionado,4.67,6,513,1.025,Novo pre√ßo mais baixo
98,44169847,2021-02-26,2021-02-28,Condom√≠nio inteiro em Jos√© Menino,Book Santos ‚Äî Unlimited 1412 ‚Äî Est√∫dio completo‚Ä¶,4 h√≥spedes,1 quarto,2 camas,1 banheiro,Wi-Fi,Ar-condicionado,Piscina,Cozinha,4.77,22,303,735,Raridade
99,40704032,2021-02-26,2021-02-28,Apartamento inteiro em Riviera de S√£o Louren√ßo,AP. JARDIM S√ÉO  LOUREN√áO 4 PESSOAS AO LADO RIVIERA,4 h√≥spedes,2 quartos,3 camas,2 banheiros,Ar-condicionado,Piscina,Cozinha,Estacionamento gratuito,5.0,10,412,993,Novo pre√ßo mais baixo
100,46173892,2021-02-26,2021-02-28,Loft inteiro em Boqueir√£o,Kit Praia e Mar - Voc√™ a um passo da areia!,4 h√≥spedes,Est√∫dio,4 camas,1 banheiro,Ar-condicionado,Cozinha,Estacionamento gratuito,Permitido animais,5.0,14,177,443,Novo pre√ßo mais baixo
101,29763562,2021-02-26,2021-02-28,Apartamento inteiro em Guilhermina,Lindo apartamento em pr√©dio de frente para o mar.,4 h√≥spedes,1 quarto,2 camas,1 banheiro,Ar-condicionado,Cozinha,Estacionamento gratuito,Elevador,4.97,38,223,531,Novo pre√ßo mais baixo
102,41530242,2021-02-26,2021-02-28,Apartamento inteiro em Vila Assuncao,"Alugo  apto 
Cond . familiar.
praia grande.",4 h√≥spedes,2 quartos,4 camas,2 banheiros,Wi-Fi,Ar-condicionado,Cozinha,Estacionamento gratuito,4.89,18,223,445,Novo pre√ßo mais baixo
103,30282988,2021-02-26,2021-02-28,Apartamento inteiro em Itarare,"Studio em S√£o Vicente , Sp , Praia dos milion√°rios",3 h√≥spedes,Est√∫dio,2 camas,1 banheiro,Wi-Fi,Ar-condicionado,Cozinha,Estacionamento gratuito,4.89,9,240,479,Novo pre√ßo mais baixo
104,45100148,2021-02-26,2021-02-28,Apartamento inteiro em Loteamento Costa do Sol,Apartamento em Guaratuba - Costa do Sol,6 h√≥spedes,1 quarto,3 camas,1 banheiro,Piscina,Wi-Fi,Estacionamento gratuito,Ar-condicionado,5.0,10,211,502,Novo pre√ßo mais baixo
105,21282060,2021-02-26,2021-02-28,Quarto inteiro em Guaruj√°,"Ampla suite casal terra√ßo vista p.mar , ar cond.",2 h√≥spedes,2 quartos,1 cama,2 banheiros,Self check-In,Vista para o mar,Ar-condicionado,Estacionamento gratuito,4.63,43,130,410,Novo pre√ßo mais baixo
106,21458651,2021-02-26,2021-02-28,Condom√≠nio inteiro em Vila Julia,"Apto, 1 quarto, amplo, ar cond, vent , tvs, wi-fi",4 h√≥spedes,1 quarto,3 camas,2 banheiros,Elevador,Wi-Fi,Self check-In,Ar-condicionado,4.58,31,182,514,Novo pre√ßo mais baixo
107,32122816,2021-02-26,2021-02-28,Condom√≠nio inteiro em Balne√°rio Mogiano,Apartamento familiar c/ wi-fi-  Praia de Boraceia,6 h√≥spedes,2 quartos,6 camas,2 banheiros,Wi-Fi,Estacionamento gratuito,Permitido animais,Cozinha,4.54,37,236,571,Novo pre√ßo mais baixo
110,29763562,2021-02-19,2021-02-21,Apartamento inteiro em Guilhermina,Lindo apartamento em pr√©dio de frente para o mar.,4 h√≥spedes,1 quarto,2 camas,1 banheiro,Ar-condicionado,Cozinha,Estacionamento gratuito,Elevador,4.97,38,223,531,Novo pre√ßo mais baixo
111,32166447,2021-02-19,2021-02-21,Apartamento inteiro em Centro,"Su√≠te moderna com Wi-Fi, Smart TV e Cama Queen!",2 h√≥spedes,1 quarto,1 cama,1 banheiro,Wi-Fi,Ar-condicionado,Piscina,Academia,4.82,191,99,283,Novo pre√ßo mais baixo
112,21987927,2021-02-19,2021-02-21,Condom√≠nio inteiro em Indai√°,"Bertioga, Indai√°, Condom√≠nio de frente para o Mar",6 h√≥spedes,2 quartos,2 camas,2 banheiros,Wi-Fi,Ar-condicionado,Piscina,Cozinha,4.83,30,585,1.369,Novo pre√ßo mais baixo
114,11697852,2021-02-19,2021-02-21,Flat inteiro em Bertioga,"SUPERHOST - Flat com Ar, WiFi, Tv Cabo e garagem",4 h√≥spedes,1 quarto,2 camas,1 banheiro,Wi-Fi,Ar-condicionado,Piscina,Cozinha,4.68,109,467,1.004,Raridade
116,41950400,2021-02-26,2021-02-28,Condom√≠nio inteiro em Loteamento Costa do Sol,Apartamento em Condom√≠nio fechado pr√≥ximo a praia,4 h√≥spedes,1 quarto,3 camas,1 banheiro,Piscina,Wi-Fi,Estacionamento gratuito,Ar-condicionado,4.76,21,335,730,Novo pre√ßo mais baixo
118,29899754,2021-02-26,2021-02-28,Condom√≠nio inteiro em Guaruj√°,Kitnete em Flat aconchegante 1 q  praia com  vista,4 h√≥spedes,Est√∫dio,2 camas,1 banheiro,Elevador,Self check-In,Vista para o mar,Estacionamento gratuito,4.72,43,251,502,Novo pre√ßo mais baixo
121,47052142,2021-02-26,2021-02-28,Apartamento inteiro em Jardim Paulista,Apto Vista para o Mar Centro Bertioga,6 h√≥spedes,2 quartos,3 camas,2 banheiros,Wi-Fi,Academia,Ar-condicionado,Estacionamento gratuito,5.0,3,400,799,Novo pre√ßo mais baixo
124,22191569,2021-02-19,2021-02-21,Apartamento inteiro em Jd Neptunia,"O Melhor de Bertioga em Indai√°, √° 50 m da praia.",6 h√≥spedes,2 quartos,5 camas,2 banheiros,Wi-Fi,Ar-condicionado,Piscina,Cozinha,4.95,55,581,1.312,Novo pre√ßo mais baixo
125,43058873,2021-02-19,2021-02-21,Apartamento inteiro em Guaruj√°,"Apto na melhor parte da Enseada,pertinho do mar.",4 h√≥spedes,2 quartos,2 camas,2 banheiros,Wi-Fi,Ar-condicionado,Cozinha,Estacionamento gratuito,5.0,16,243,685,Novo pre√ßo mais baixo
126,41623975,2021-02-19,2021-02-21,Apartamento inteiro em Vila Clais,Apto em Resort vista para praia com sacada gourmet,6 h√≥spedes,2 quartos,10 camas,2 banheiros,Wi-Fi,Ar-condicionado,Piscina,Cozinha,4.95,21,554,1.107,Novo pre√ßo mais baixo
127,23175564,2021-02-19,2021-02-21,Condom√≠nio inteiro em Aparecida,"Venha viver a Natureza, pr√©dio frente  praia",4 h√≥spedes,1 quarto,2 camas,1 banheiro,Wi-Fi,Cozinha,Estacionamento gratuito,Permitido animais,4.79,84,154,388,Novo pre√ßo mais baixo
128,20932426,2021-02-19,2021-02-21,Apartamento inteiro em Centro,APTO PITANGUEIRAS PR√âDIO  EM FRENTE PARA PRAIA,4 h√≥spedes,1 quarto,2 camas,2 banheiros,Wi-Fi,Cozinha,Elevador,Vista para o mar,4.83,26,236,571,Novo pre√ßo mais baixo
129,16454482,2021-02-19,2021-02-21,Apartamento inteiro em Praia Grande,Apto. Alto Padr√£o na Praia Grande (Avia√ß√£o),5 h√≥spedes,1 quarto,4 camas,1 banheiro,Wi-Fi,Cozinha,Estacionamento gratuito,Elevador,4.94,84,206,502,Novo pre√ßo mais baixo
130,45439335,2021-02-19,2021-02-21,Casa inteira em Bertioga,Casa de f√©rias na praia de Bertioga-SP,5 h√≥spedes,1 quarto,3 camas,1 banheiro,Wi-Fi,Cozinha,Estacionamento gratuito,Permitido animais,5.0,13,400,799,Novo pre√ßo mais baixo
131,46261847,2021-02-19,2021-02-21,Apartamento inteiro em Riviera de S√£o Louren√ßo,Flat 237 Amarilis piscina e servi√ßo de praia,6 h√≥spedes,2 quartos,3 camas,1 banheiro,Wi-Fi,Ar-condicionado,Piscina,Estacionamento gratuito,4.25,8,467,1.084,Novo pre√ßo mais baixo
132,22105045,2021-02-19,2021-02-21,Quarto inteiro em Balneario Cidade Atlantica,Quarto confort√°vel na Enseada - Room One Col√¥mbia,5 h√≥spedes,1 quarto,3 camas,1 banheiro compartilhado,Wi-Fi,Ar-condicionado,Piscina,Cozinha,4.95,40,179,432,Novo pre√ßo mais baixo
134,46642800,2021-02-19,2021-02-21,Apartamento inteiro em Jos√© Menino,Book Santos - Unlimited 3211 - No alto do Arranha C√©us,4 h√≥spedes,1 quarto,2 camas,1 banheiro,Wi-Fi,Ar-condicionado,Piscina,Cozinha,4.88,8,341,812,Novo pre√ßo mais baixo
136,42040376,2021-02-19,2021-02-21,Apartamento inteiro em Itarar√©,Apartamento 1 quadra da praia divisa S√£o Vicente,2 h√≥spedes,1 quarto,3 camas,1 banheiro,Wi-Fi,Cozinha,Estacionamento gratuito,Elevador,4.80,5,167,359,Raridade
137,47517305,2021-02-19,2021-02-21,Apartamento inteiro em Gonzaga,Book Santos - Estanconfor 2010 - Sacada ampla com a melhor vista Mar,4 h√≥spedes,1 quarto,1 cama,1 banheiro,Wi-Fi,Ar-condicionado,Piscina,Cozinha,4.50,10,356,841,Raridade
139,40939239,2021-02-19,2021-02-21,Quarto inteiro em Pitangueiras,Su√≠te Guaruj√° apto Frente Mar 3,9 h√≥spedes,1 quarto,2 camas,1 banheiro e meio,Wi-Fi,Cozinha,Permitido animais,Elevador,5.0,15,184,368,Novo pre√ßo mais baixo
140,39646858,2021-02-26,2021-02-28,Apartamento inteiro em Centro,AP 52 ‚Ä¢ 01 QUADRA DA PRAIA DAS PITANGUEIRAS,4 h√≥spedes,2 quartos,2 camas,1 banheiro,Elevador,Wi-Fi,Self check-In,Vista para o mar,4.71,41,237,593,Raridade
142,45214967,2021-02-19,2021-02-21,Casa inteira em Praia de Juque√≠,"Casinha Linda! C/ Piscina Privativa, Ar, Churras..",4 h√≥spedes,1 quarto,3 camas,1 banheiro,Wi-Fi,Secadora,Ar-condicionado,Estacionamento gratuito,4.94,18,636,1.422,Raridade
143,32399851,2021-02-19,2021-02-21,Apartamento inteiro em Parque Enseada,"Ap praia Enseada, Guaruj√°,  excelente localiza√ß√£o",5 h√≥spedes,1 quarto,8 camas,0 banheiros,Elevador,Wi-Fi,Self check-In,Estacionamento gratuito,4.83,6,214,548,Novo pre√ßo mais baixo
144,34371089,2021-02-19,2021-02-21,Apartamento inteiro em Barra Funda,"GUARUJ√Å Wi-Fi, PITANGUEIRAS AP 2134 FLAT",6 h√≥spedes,2 quartos,12 camas,2 banheiros,Elevador,Wi-Fi,Self check-In,Ar-condicionado,4.58,12,350,799,Novo pre√ßo mais baixo
145,45735938,2021-02-19,2021-02-21,Quarto inteiro em Praia de Juque√≠,Vila Real Juquehy - Apartamento Duplo Standard,2 h√≥spedes,1 quarto,1 cama,1 banheiros privado,Wi-Fi,Caf√© da Manh√£,Ar-condicionado,Estacionamento gratuito,3.67,3,252,504,Novo pre√ßo mais baixo
146,39535674,2021-02-19,2021-02-21,Apartamento inteiro em Boqueir√£o,Conforto na praia,4 h√≥spedes,1 quarto,4 camas,1 banheiro,Elevador,Wi-Fi,Self check-In,Vista para o mar,4.85,46,290,650,Novo pre√ßo mais baixo
147,39790134,2021-02-19,2021-02-21,Apartamento inteiro em Riviera de S√£o Louren√ßo,Lindo Flat 237 de 1 dorm em Riviera,6 h√≥spedes,1 quarto,3 camas,1 banheiro,Piscina,Wi-Fi,Estacionamento gratuito,Ar-condicionado,4.76,17,410,970,Novo pre√ßo mais baixo
148,15880419,2021-02-26,2021-02-28,Apartamento inteiro em Bertioga,Attractive Small Apartment Riviera de S√£o Louren√ßo,4 h√≥spedes,1 quarto,2 camas,1 banheiro,Piscina,Wi-Fi,Estacionamento gratuito,Ar-condicionado,4.57,65,343,685,Novo pre√ßo mais baixo
149,37745985,2021-02-26,2021-02-28,Apartamento inteiro em S√©,Studio Completo ao lado do Metr√¥ com Portaria 24h!,2 h√≥spedes,1 quarto,1 cama,1 banheiro,Wi-Fi,Ar-condicionado,Piscina,Academia,4.60,123,94,273,Novo pre√ßo mais baixo
150,41143618,2021-02-26,2021-02-28,Apartamento inteiro em Mongagua,Apto de 1 dorm frente ao mar com piscina no centro,6 h√≥spedes,1 quarto,3 camas,1 banheiro,Wi-Fi,Cozinha,Estacionamento gratuito,Permitido animais,4.89,35,178,445,Raridade
151,45755921,2021-02-26,2021-02-28,Apartamento inteiro em Riviera de S√£o Louren√ßo,Flat 257 com piscina aquecida e servi√ßo de praia,5 h√≥spedes,1 quarto,2 camas,1 banheiro,Piscina,Wi-Fi,Estacionamento gratuito,Ar-condicionado,5.0,10,387,924,Novo pre√ßo mais baixo
152,42119874,2021-02-26,2021-02-28,Casa inteira em Bertioga,Bertioga sobrado condom√≠nio fechado. Pr√≥ximo praia,4 h√≥spedes,2 quartos,4 camas,2 banheiros e meio,Piscina,Wi-Fi,Estacionamento gratuito,Ar-condicionado,4.89,9,290,650,Novo pre√ßo mais baixo
154,21987927,2021-02-26,2021-02-28,Condom√≠nio inteiro em Indai√°,"Bertioga, Indai√°, Condom√≠nio de frente para o Mar",6 h√≥spedes,2 quartos,2 camas,2 banheiros,Wi-Fi,Ar-condicionado,Piscina,Cozinha,4.83,30,585,1.369,Novo pre√ßo mais baixo
156,44169847,2021-02-19,2021-02-21,Condom√≠nio inteiro em Jos√© Menino,Book Santos ‚Äî Unlimited 1412 ‚Äî Est√∫dio completo‚Ä¶,4 h√≥spedes,1 quarto,2 camas,1 banheiro,Wi-Fi,Ar-condicionado,Piscina,Cozinha,4.77,22,288,706,Raridade
158,45219846,2021-02-19,2021-02-21,Apartamento inteiro em Balneario Guaruj√°,Apto a 300m da praia Enseada,6 h√≥spedes,2 quartos,4 camas,2 banheiros,Wi-Fi,Ar-condicionado,Cozinha,Estacionamento gratuito,5.0,3,240,479,Novo pre√ßo mais baixo
160,40050562,2021-02-26,2021-02-28,Condom√≠nio inteiro em Bertioga,"PRAIA, conforto e seguran√ßa (apenas para FAM√çLIA)",8 h√≥spedes,2 quartos,4 camas,2 banheiros,Wi-Fi,Piscina,Cozinha,Estacionamento gratuito,4.76,25,470,1.139,Novo pre√ßo mais baixo
161,46033720,2021-02-26,2021-02-28,Apartamento inteiro em Jos√© Menino,"Studio 607, frente ao mar, completo  todo decorado",4 h√≥spedes,1 quarto,2 camas,1 banheiro,Wi-Fi,Ar-condicionado,Cozinha,Estacionamento gratuito,5.0,10,237,608,Raridade
162,40067438,2021-02-26,2021-02-28,Apartamento inteiro em Boqueir√£o,Apto. Kitnet Boqueir√£o - 100m da praia,4 h√≥spedes,Est√∫dio,2 camas,1 banheiro,Wi-Fi,Cozinha,Estacionamento gratuito,Elevador,4.94,18,111,331,Novo pre√ßo mais baixo
163,31831718,2021-02-26,2021-02-28,Apartamento inteiro em Avia√ß√£o,Ap√™ na PraiaüèÖChurrasco e Alegria td dia =D,6 h√≥spedes,1 quarto,2 camas,2 banheiros,Wi-Fi,Ar-condicionado,Cozinha,Estacionamento gratuito,4.91,55,212,573,Novo pre√ßo mais baixo
164,31436143,2021-02-19,2021-02-21,Apartamento inteiro em Santos,BOOK SANTOS - Unlimited 1710 - Beira Mar c/ vista,4 h√≥spedes,1 quarto,2 camas,1 banheiro,Piscina,Wi-Fi,Estacionamento gratuito,Ar-condicionado,4.89,35,313,756,Raridade
165,22191569,2021-02-19,2021-02-21,Apartamento inteiro em Jd Neptunia,"O Melhor de Bertioga em Indai√°, √° 50 m da praia.",6 h√≥spedes,2 quartos,5 camas,2 banheiros,Piscina,Wi-Fi,Estacionamento gratuito,Ar-condicionado,4.95,55,581,1.312,Novo pre√ßo mais baixo
168,40939239,2021-02-26,2021-02-28,Quarto inteiro em Pitangueiras,Su√≠te Guaruj√° apto Frente Mar 3,9 h√≥spedes,1 quarto,2 camas,1 banheiro e meio,Elevador,Wi-Fi,Self check-In,Vista para o mar,5.0,15,184,368,Novo pre√ßo mais baixo
169,22898642,2021-02-26,2021-02-28,Apartamento inteiro em Centerville,"A PRAIA EST√Å ABERTA!
Apartamento em Bertioga-SP",4 h√≥spedes,1 quarto,3 camas,1 banheiro,Vista para as √°guas,Ar-condicionado,Estacionamento gratuito,Permitido animais,4.45,75,106,262,Novo pre√ßo mais baixo
170,32285672,2021-02-26,2021-02-28,Apartamento inteiro em Bertioga,Promo√ß√£o de Carnaval - Lindo flat em Bertioga,5 h√≥spedes,2 quartos,3 camas,1 banheiro,Wi-Fi,Self check-In,Cozinha,M√°quina de Lavar,5.0,7,179,468,Novo pre√ßo mais baixo
171,15880419,2021-02-26,2021-02-28,Apartamento inteiro em Bertioga,Attractive Small Apartment Riviera de S√£o Louren√ßo,4 h√≥spedes,1 quarto,2 camas,1 banheiro,Wi-Fi,Ar-condicionado,Estacionamento gratuito,Cozinha,4.57,65,343,685,Novo pre√ßo mais baixo
172,46033720,2021-02-19,2021-02-21,Apartamento inteiro em Jos√© Menino,"Studio 607, frente ao mar, completo  todo decorado",4 h√≥spedes,1 quarto,2 camas,1 banheiro,Wi-Fi,Ar-condicionado,Cozinha,Estacionamento gratuito,5.0,10,193,520,Raridade
175,45100148,2021-02-26,2021-02-28,Apartamento inteiro em Loteamento Costa do Sol,Apartamento em Guaratuba - Costa do Sol,6 h√≥spedes,1 quarto,3 camas,1 banheiro,Wi-Fi,Ar-condicionado,Estacionamento gratuito,Cozinha,5.0,10,211,502,Novo pre√ßo mais baixo
182,46819820,2021-02-19,2021-02-21,Apartamento inteiro em Vila Clais,"Bertioga, condom√≠nio, p√© na areia.",6 h√≥spedes,1 quarto,3 camas,1 banheiro,Wi-Fi,Vista para o mar,Estacionamento gratuito,Cozinha,4.71,7,354,708,Novo pre√ßo mais baixo
183,42119874,2021-02-19,2021-02-21,Casa inteira em Bertioga,Bertioga sobrado condom√≠nio fechado. Pr√≥ximo praia,4 h√≥spedes,2 quartos,4 camas,2 banheiros e meio,Wi-Fi,Ar-condicionado,Estacionamento gratuito,Cozinha,4.89,9,290,650,Novo pre√ßo mais baixo
184,11697852,2021-02-19,2021-02-21,Flat inteiro em Bertioga,"SUPERHOST - Flat com Ar, WiFi, Tv Cabo e garagem",4 h√≥spedes,1 quarto,2 camas,1 banheiro,Elevador,Wi-Fi,Self check-In,Ar-condicionado,4.68,109,467,1.004,Raridade
185,41950400,2021-02-19,2021-02-21,Condom√≠nio inteiro em Loteamento Costa do Sol,Apartamento em Condom√≠nio fechado pr√≥ximo a praia,4 h√≥spedes,1 quarto,3 camas,1 banheiro,Wi-Fi,Ar-condicionado,Estacionamento gratuito,Cozinha,4.76,21,335,730,Novo pre√ßo mais baixo
186,44025658,2021-02-19,2021-02-21,Apartamento inteiro em Jos√© Menino,"Ap charmoso em Santos, com wifi,vaga p√© na areia.",4 h√≥spedes,1 quarto,2 camas,2 banheiros,Wi-Fi,Academia,Estacionamento gratuito,Cozinha,4.71,14,198,515,Novo pre√ßo mais baixo
187,42001851,2021-02-19,2021-02-21,Casa inteira em Maitinga,Casa na Praia Bertioga 300mts da praia 200mts Sesc,4 h√≥spedes,2 quartos,3 camas,1 banheiro,Wi-Fi,Estacionamento gratuito,Permitido animais,Cozinha,4.75,16,247,593,Novo pre√ßo mais baixo
188,41477427,2021-02-26,2021-02-28,Quarto inteiro em Pitangueiras,Su√≠te Guaruj√° apto Frente Mar 1,9 h√≥spedes,1 quarto,4 camas,1 banheiros privado,Elevador,Wi-Fi,Self check-In,Vista para o mar,4.97,32,184,368,Novo pre√ßo mais baixo
189,32407595,2021-02-26,2021-02-28,Apartamento inteiro em Parque Enseada,Apartamento 1 dormit√≥rio com piscina e lazer,6 h√≥spedes,1 quarto,1 cama,1 banheiro,Elevador,Wi-Fi,Estacionamento gratuito,Permitido animais,4.67,12,220,559,Novo pre√ßo mais baixo
190,45740885,2021-02-26,2021-02-28,Apartamento inteiro em Ilha Porchat,"Ilha Porchat, com vista deslumbrante para o mar.",2 h√≥spedes,1 quarto,1 cama,1 banheiro,Wi-Fi,Vista para o mar,Estacionamento gratuito,Cozinha,5.0,12,293,685,Novo pre√ßo mais baixo
191,43932528,2021-02-26,2021-02-28,Apartamento inteiro em Vila Matias,FUSION HOME | Garagem | Wi-Fi | Netflix,5 h√≥spedes,1 quarto,1 cama,1 banheiro,Wi-Fi,Academia,Self check-In,Secadora,4.94,32,240,605,Novo pre√ßo mais baixo
195,20193688,2021-02-19,2021-02-21,Apartamento inteiro em Jardim Las Palmas,Ast√∫rias Apto aconchegante perto da praia,2 h√≥spedes,1 quarto,1 cama,1 banheiro,Ar-condicionado,Piscina,Cozinha,Estacionamento gratuito,4.82,46,206,411,Novo pre√ßo mais baixo
197,31276478,2021-02-19,2021-02-21,Apartamento inteiro em Centro,Apartamento de luxo - 50 m da praia - wifi 35 mega,4 h√≥spedes,Est√∫dio,1 cama,1 banheiro,Wi-Fi,Ar-condicionado,Cozinha,Estacionamento gratuito,4.89,36,204,468,Novo pre√ßo mais baixo
200,44025658,2021-02-19,2021-02-21,Apartamento inteiro em Jos√© Menino,"Ap charmoso em Santos, com wifi,vaga p√© na areia.",4 h√≥spedes,1 quarto,2 camas,2 banheiros,Wi-Fi,Piscina,Cozinha,Estacionamento gratuito,4.71,14,198,515,Novo pre√ßo mais baixo
202,20774709,2021-02-26,2021-02-28,"Apartamento inteiro em Guaruj√°, Pitangueiras Centro",Guaruj√° Centro Pitangueiras Wi-Fi,4 h√≥spedes,1 quarto,3 camas,1 banheiro,Cozinha,Estacionamento gratuito,Permitido animais,Elevador,4.49,98,188,456,Novo pre√ßo mais baixo
211,47135379,2021-02-19,2021-02-21,Apartamento inteiro em Embar√©,Quarto e sala no Embar√© Canal 4,4 h√≥spedes,1 quarto,2 camas,1 banheiro,Wi-Fi,Ar-condicionado,Cozinha,Estacionamento gratuito,5.0,6,134,377,Novo pre√ßo mais baixo
212,42119874,2021-02-19,2021-02-21,Casa inteira em Bertioga,Bertioga sobrado condom√≠nio fechado. Pr√≥ximo praia,4 h√≥spedes,2 quartos,4 camas,2 banheiros e meio,Wi-Fi,Ar-condicionado,Piscina,Cozinha,4.89,9,290,650,Novo pre√ßo mais baixo
214,34152411,2021-02-19,2021-02-21,Apartamento inteiro em S√©,"Studio no Centro com Portaria 24h, Varanda & Wi-Fi",2 h√≥spedes,1 quarto,1 cama,1 banheiro,Wi-Fi,Ar-condicionado,Piscina,Academia,4.78,110,99,283,Novo pre√ßo mais baixo
216,39499342,2021-02-26,2021-02-28,Apartamento inteiro em Praia Grande,"Apartamento 1 dormit√≥rio no Boqueir√£o com Piscina, 50 metros da Praia",4 h√≥spedes,1 quarto,3 camas,1 banheiro,Elevador,Wi-Fi,Self check-In,Vista para o mar,5.0,18,184,488,Novo pre√ßo mais baixo
217,42001851,2021-02-26,2021-02-28,Casa inteira em Maitinga,Casa na Praia Bertioga 300mts da praia 200mts Sesc,4 h√≥spedes,2 quartos,3 camas,1 banheiro,Wi-Fi,Estacionamento gratuito,Permitido animais,Cozinha,4.75,16,247,593,Novo pre√ßo mais baixo
218,30760392,2021-02-19,2021-02-21,Casa inteira em Bertioga,Casa perto da praia com piscina e churrasqueira,9 h√≥spedes,3 quartos,9 camas,2 banheiros e meio,Ar-condicionado,Estacionamento gratuito,Cozinha,Piscina,4.72,32,321,822,Novo pre√ßo mais baixo
219,46545728,2021-02-19,2021-02-21,Apartamento inteiro em Aparecida,"P√© na Areia, em frente a praia, no Embar√© Santos",4 h√≥spedes,1 quarto,2 camas,1 banheiro,Elevador,Wi-Fi,Vista para o mar,Ar-condicionado,5.0,3,228,456,Novo pre√ßo mais baixo
220,47052142,2021-02-19,2021-02-21,Apartamento inteiro em Jardim Paulista,Apto Vista para o Mar Centro Bertioga,6 h√≥spedes,2 quartos,3 camas,2 banheiros,Wi-Fi,Academia,Ar-condicionado,Estacionamento gratuito,5.0,3,400,799,Novo pre√ßo mais baixo
221,29763562,2021-02-19,2021-02-21,Apartamento inteiro em Guilhermina,Lindo apartamento em pr√©dio de frente para o mar.,4 h√≥spedes,1 quarto,2 camas,1 banheiro,Elevador,Self check-In,Vista para o mar,Ar-condicionado,4.97,38,223,531,Novo pre√ßo mais baixo
223,29899754,2021-02-26,2021-02-28,Condom√≠nio inteiro em Guaruj√°,Kitnete em Flat aconchegante 1 q  praia com  vista,4 h√≥spedes,Est√∫dio,2 camas,1 banheiro,Piscina,Cozinha,Estacionamento gratuito,Elevador,4.72,43,251,502,Novo pre√ßo mais baixo
224,31952361,2021-02-26,2021-02-28,Apartamento inteiro em Centro,"Apto frente ao mar c/ playground, ar cond. e Wi-Fi",6 h√≥spedes,Est√∫dio,2 camas,1 banheiro,Wi-Fi,Ar-condicionado,Piscina,Cozinha,4.59,71,187,434,Raridade
225,31023373,2021-02-26,2021-02-28,Casa inteira em Jd Albatroz II,Babu's House Bertioga Rio Jacareguava,12 h√≥spedes,3 quartos,12 camas,3 banheiros,Wi-Fi,Cozinha,Estacionamento gratuito,Permitido animais,4.88,8,208,566,Novo pre√ßo mais baixo
226,39499342,2021-02-26,2021-02-28,Apartamento inteiro em Praia Grande,"Apartamento 1 dormit√≥rio no Boqueir√£o com Piscina, 50 metros da Praia",4 h√≥spedes,1 quarto,3 camas,1 banheiro,Wi-Fi,Ar-condicionado,Piscina,Cozinha,5.0,18,184,488,Novo pre√ßo mais baixo
227,42119874,2021-02-26,2021-02-28,Casa inteira em Bertioga,Bertioga sobrado condom√≠nio fechado. Pr√≥ximo praia,4 h√≥spedes,2 quartos,4 camas,2 banheiros e meio,Wi-Fi,Ar-condicionado,Piscina,Cozinha,4.89,9,290,650,Novo pre√ßo mais baixo
230,39397199,2021-02-19,2021-02-21,Casa inteira em Balneario Praia do Perequ√™,Sobrado em Guaruj√° / 5 min. Praia do Pernambuco,7 h√≥spedes,2 quartos,2 camas,1 banheiro e meio,Ar-condicionado,Estacionamento gratuito,Permitido animais,Cozinha,4.60,5,212,514,Novo pre√ßo mais baixo
231,45439335,2021-02-19,2021-02-21,Casa inteira em Bertioga,Casa de f√©rias na praia de Bertioga-SP,5 h√≥spedes,1 quarto,3 camas,1 banheiro,Wi-Fi,Estacionamento gratuito,Permitido animais,Cozinha,5.0,13,400,799,Novo pre√ßo mais baixo
232,37745985,2021-02-19,2021-02-21,Apartamento inteiro em S√©,Studio Completo ao lado do Metr√¥ com Portaria 24h!,2 h√≥spedes,1 quarto,1 cama,1 banheiro,Elevador,Wi-Fi,Academia,Self check-In,4.60,123,94,273,Raridade
233,47156952,2021-02-19,2021-02-21,Apartamento inteiro em Riviera de S√£o Louren√ßo,APARTAMENTO/QUARTO ACONCHEGANTE EM RIVIERA.,5 h√≥spedes,1 quarto,4 camas,1 banheiro,Wi-Fi,Vista para as √°guas,Ar-condicionado,Estacionamento gratuito,4.67,6,513,1.025,Novo pre√ßo mais baixo
235,46261182,2021-02-26,2021-02-28,Casa inteira em Maitinga,Casa do Sol - Bertioga - 50m da Praia,10 h√≥spedes,3 quartos,9 camas,3 banheiros e meio,Wi-Fi,Ar-condicionado,Piscina,Cozinha,5.0,8,414,1.027,Novo pre√ßo mais baixo
236,29927178,2021-02-19,2021-02-21,Apartamento inteiro em Consolacao,"Est√∫dio encantador em S√£o Paulo, pr√≥ximo ao metr√¥.",2 h√≥spedes,1 quarto,1 cama,1 banheiro,Wi-Fi,Ar-condicionado,Piscina,Cozinha,4.87,281,166,331,Raridade
241,40939239,2021-02-19,2021-02-21,Quarto inteiro em Pitangueiras,Su√≠te Guaruj√° apto Frente Mar 3,9 h√≥spedes,1 quarto,2 camas,1 banheiro e meio,Elevador,Wi-Fi,Self check-In,Vista para o mar,5.0,15,184,368,Novo pre√ßo mais baixo
242,30282988,2021-02-19,2021-02-21,Apartamento inteiro em Itarare,"Studio em S√£o Vicente , Sp , Praia dos milion√°rios",3 h√≥spedes,Est√∫dio,2 camas,1 banheiro,Elevador,Wi-Fi,Self check-In,Vista para o mar,4.89,9,240,479,Novo pre√ßo mais baixo
244,43058873,2021-02-26,2021-02-28,Apartamento inteiro em Guaruj√°,"Apto na melhor parte da Enseada,pertinho do mar.",4 h√≥spedes,2 quartos,2 camas,2 banheiros,Wi-Fi,Ar-condicionado,Cozinha,Estacionamento gratuito,5.0,16,243,685,Novo pre√ßo mais baixo
247,20193688,2021-02-26,2021-02-28,Apartamento inteiro em Jardim Las Palmas,Ast√∫rias Apto aconchegante perto da praia,2 h√≥spedes,1 quarto,1 cama,1 banheiro,Ar-condicionado,Piscina,Cozinha,Estacionamento gratuito,4.82,46,228,456,Novo pre√ßo mais baixo
248,39113772,2021-02-26,2021-02-28,Flat inteiro em Riviera de S√£o Louren√ßo,"Flat 150m da praia, ar todos dorm, piscina rooftop",5 h√≥spedes,1 quarto,2 camas,1 banheiro,Wi-Fi,Ar-condicionado,Piscina,Cozinha,4.96,56,610,1.284,Raridade
252,46329139,2021-02-19,2021-02-21,Apartamento inteiro em Maitinga,Apartamento bem localizado. 300 metros da praia,6 h√≥spedes,2 quartos,5 camas,2 banheiros,Wi-Fi,Estacionamento gratuito,Cozinha,Piscina,5.0,7,314,628,Novo pre√ßo mais baixo
253,44860968,2021-02-26,2021-02-28,Apartamento inteiro em Centro,"Praia do Gonzaguinha, quintal de casa - SV",2 h√≥spedes,1 quarto,1 cama,1 banheiro,Wi-Fi,Cozinha,Estacionamento gratuito,Permitido animais,5.0,12,108,285,Novo pre√ßo mais baixo
254,39763299,2021-02-26,2021-02-28,Apartamento inteiro em Jos√© Menino,"Conforto,frente √† praia do Jos√© menino/Santos",3 h√≥spedes,Est√∫dio,2 camas,1 banheiro,Cozinha,Permitido animais,Elevador,Vista para o mar,4.65,51,108,296,Novo pre√ßo mais baixo
255,23228589,2021-02-26,2021-02-28,Condom√≠nio inteiro em Praia da Borac√©ia,Boraceia Cobertura Triplex Fant√°stica  Climatizada,10 h√≥spedes,3 quartos,7 camas,3 banheiros,Wi-Fi,Ar-condicionado,Cozinha,Estacionamento gratuito,4.88,74,316,921,Novo pre√ßo mais baixo
256,41950400,2021-02-19,2021-02-21,Condom√≠nio inteiro em Loteamento Costa do Sol,Apartamento em Condom√≠nio fechado pr√≥ximo a praia,4 h√≥spedes,1 quarto,3 camas,1 banheiro,Piscina,Wi-Fi,Estacionamento gratuito,Ar-condicionado,4.76,21,335,730,Novo pre√ßo mais baixo
257,4839455,2021-02-19,2021-02-21,Apartamento inteiro em Bertioga,Apart. na Riviera de S√£o Louren√ßo,4 h√≥spedes,1 quarto,1 cama,1 banheiro,Piscina,Wi-Fi,Estacionamento gratuito,Ar-condicionado,4.73,99,514,1.027,Novo pre√ßo mais baixo
259,42165849,2021-02-26,2021-02-28,Quarto inteiro em Morada da Praia,PRAIA e CAMPO reserva (Suite n4) - Morada da Praia,3 h√≥spedes,1 quarto,3 camas,1 banheiros privado,Wi-Fi,Estacionamento gratuito,Cozinha,Piscina,5.0,14,232,514,Novo pre√ßo mais baixo
264,38125377,2021-02-26,2021-02-28,Apartamento inteiro em S√©,"Studio Mobiliado com Cooktop, Varanda & Wi-Fi! (:",2 h√≥spedes,1 quarto,1 cama,1 banheiro,Elevador,Wi-Fi,Academia,Self check-In,4.82,87,99,283,Novo pre√ßo mais baixo
273,45735938,2021-02-19,2021-02-21,Quarto inteiro em Praia de Juque√≠,Vila Real Juquehy - Apartamento Duplo Standard,2 h√≥spedes,1 quarto,1 cama,1 banheiros privado,Piscina,Wi-Fi,Estacionamento gratuito,Ar-condicionado,3.67,3,252,504,Novo pre√ßo mais baixo
274,46545728,2021-02-26,2021-02-28,Apartamento inteiro em Aparecida,"P√© na Areia, em frente a praia, no Embar√© Santos",4 h√≥spedes,1 quarto,2 camas,1 banheiro,Elevador,Wi-Fi,Vista para o mar,Ar-condicionado,5.0,3,228,456,Novo pre√ßo mais baixo
275,20193688,2021-02-26,2021-02-28,Apartamento inteiro em Jardim Las Palmas,Ast√∫rias Apto aconchegante perto da praia,2 h√≥spedes,1 quarto,1 cama,1 banheiro,Elevador,Ar-condicionado,Estacionamento gratuito,Cozinha,4.82,46,228,456,Novo pre√ßo mais baixo
276,47135379,2021-02-26,2021-02-28,Apartamento inteiro em Embar√©,Quarto e sala no Embar√© Canal 4,4 h√≥spedes,1 quarto,2 camas,1 banheiro,Wi-Fi,Self check-In,Ar-condicionado,Estacionamento gratuito,5.0,6,134,377,Novo pre√ßo mais baixo
278,46821448,2021-02-19,2021-02-21,Apartamento inteiro em Praia da Enseada,COMPLETO DE FRENTE PRO MAR - BERTIOGA,4 h√≥spedes,1 quarto,2 camas,2 banheiros,Piscina,Wi-Fi,Estacionamento gratuito,Ar-condicionado,5.0,8,780,1.689,Raridade
280,45214967,2021-02-19,2021-02-21,Casa inteira em Praia de Juque√≠,"Casinha Linda! C/ Piscina Privativa, Ar, Churras..",4 h√≥spedes,1 quarto,3 camas,1 banheiro,Wi-Fi,Secadora,Ar-condicionado,Estacionamento gratuito,4.94,18,636,1.422,Novo pre√ßo mais baixo
296,40050562,2021-02-26,2021-02-28,Condom√≠nio inteiro em Bertioga,"PRAIA, conforto e seguran√ßa (apenas para FAM√çLIA)",8 h√≥spedes,2 quartos,4 camas,2 banheiros,Elevador,Wi-Fi,Academia,Estacionamento gratuito,4.76,25,470,1.139,Novo pre√ßo mais baixo
304,45020057,2021-02-19,2021-02-21,Apartamento inteiro em Jos√© Menino,Book Santos - Unlimited 911 - Est√∫dio Eleg√¢ncia,4 h√≥spedes,1 quarto,1 cama,1 banheiro,Piscina,Wi-Fi,Estacionamento gratuito,Ar-condicionado,4.89,27,344,818,Raridade
305,41950400,2021-02-26,2021-02-28,Condom√≠nio inteiro em Loteamento Costa do Sol,Apartamento em Condom√≠nio fechado pr√≥ximo a praia,4 h√≥spedes,1 quarto,3 camas,1 banheiro,Wi-Fi,Ar-condicionado,Piscina,Cozinha,4.76,21,335,730,Novo pre√ßo mais baixo
307,42001851,2021-02-26,2021-02-28,Casa inteira em Maitinga,Casa na Praia Bertioga 300mts da praia 200mts Sesc,4 h√≥spedes,2 quartos,3 camas,1 banheiro,Wi-Fi,Cozinha,Estacionamento gratuito,Permitido animais,4.75,16,247,593,Novo pre√ßo mais baixo
309,41393871,2021-02-19,2021-02-21,Apartamento inteiro em Boa Vista,"KITNET CULT
PE NA AREIA
COMPLETA",4 h√≥spedes,1 quarto,6 camas,1 banheiro,Cozinha,Estacionamento gratuito,Permitido animais,M√°quina de Lavar,4.92,12,121,331,Novo pre√ßo mais baixo
310,47269832,2021-02-19,2021-02-21,Apartamento inteiro em Centervalle,Novinho com vista,6 h√≥spedes,2 quartos,3 camas,2 banheiros,Wi-Fi,Cozinha,Estacionamento gratuito,Academia,5.0,3,354,867,Novo pre√ßo mais baixo
313,39397199,2021-02-19,2021-02-21,Casa inteira em Balneario Praia do Perequ√™,Sobrado em Guaruj√° / 5 min. Praia do Pernambuco,7 h√≥spedes,2 quartos,2 camas,1 banheiro e meio,Ar-condicionado,Cozinha,Estacionamento gratuito,Permitido animais,4.60,5,212,514,Novo pre√ßo mais baixo
315,17164214,2021-02-19,2021-02-21,Apartamento inteiro em Santos,BOOK SANTOS - Estanconfor 605 - Apto. Executivo,4 h√≥spedes,1 quarto,2 camas,1 banheiro,Wi-Fi,Ar-condicionado,Piscina,Cozinha,4.78,36,267,664,Novo pre√ßo mais baixo
325,29256883,2021-02-19,2021-02-21,Apartamento inteiro em Parque Enseada,"Guaruj√° , Enseada,  Proximo da Praia.",5 h√≥spedes,2 quartos,3 camas,2 banheiros e meio,Piscina,Wi-Fi,Estacionamento gratuito,Ar-condicionado,4.89,46,268,536,Novo pre√ßo mais baixo
332,33075341,2021-02-19,2021-02-21,Apartamento inteiro em Barra Funda,"Kitnet Guaruj√° Centro, Pitangueiras",4 h√≥spedes,1 quarto,3 camas,1 banheiro,Elevador,Self check-In,Estacionamento gratuito,Cozinha,4.60,54,188,456,Novo pre√ßo mais baixo
333,21458651,2021-02-19,2021-02-21,Condom√≠nio inteiro em Vila Julia,"Apto, 1 quarto, amplo, ar cond, vent , tvs, wi-fi",4 h√≥spedes,1 quarto,3 camas,2 banheiros,Elevador,Wi-Fi,Self check-In,Ar-condicionado,4.58,31,182,514,Novo pre√ßo mais baixo
337,25858398,2021-02-26,2021-02-28,Quarto inteiro em Jardim Las Palmas,Quarto com vista para o canto m√°gico do Tombo,3 h√≥spedes,1 quarto,1 cama,1 banheiros privado,Wi-Fi,Cozinha,Estacionamento gratuito,Elevador,4.90,43,137,274,Novo pre√ßo mais baixo
339,46819820,2021-02-26,2021-02-28,Apartamento inteiro em Vila Clais,"Bertioga, condom√≠nio, p√© na areia.",6 h√≥spedes,1 quarto,3 camas,1 banheiro,Wi-Fi,Cozinha,Estacionamento gratuito,Vista para o mar,4.71,7,354,708,Novo pre√ßo mais baixo
346,32166447,2021-02-26,2021-02-28,Apartamento inteiro em Centro,"Su√≠te moderna com Wi-Fi, Smart TV e Cama Queen!",2 h√≥spedes,1 quarto,1 cama,1 banheiro,Wi-Fi,Ar-condicionado,Piscina,Academia,4.82,191,99,283,Novo pre√ßo mais baixo
348,47269832,2021-02-19,2021-02-21,Apartamento inteiro em Centervalle,Novinho com vista,6 h√≥spedes,2 quartos,3 camas,2 banheiros,Elevador,Wi-Fi,Academia,Estacionamento gratuito,5.0,3,354,867,Novo pre√ßo mais baixo
352,24287304,2021-02-19,2021-02-21,Apartamento inteiro em Canto do Forte,Apartamento de sonho,5 h√≥spedes,Est√∫dio,1 cama,1 banheiro,Elevador,Academia,Estacionamento gratuito,Permitido animais,4.80,46,170,340,Novo pre√ßo mais baixo
353,35263948,2021-02-19,2021-02-21,Apartamento inteiro em Centro,Studio Limpo √† passos da R. 25 de Mar√ßo com Wi-Fi!,2 h√≥spedes,1 quarto,1 cama,1 banheiro,Elevador,Wi-Fi,Academia,Self check-In,4.74,95,94,273,Novo pre√ßo mais baixo
354,31436143,2021-02-19,2021-02-21,Apartamento inteiro em Santos,BOOK SANTOS - Unlimited 1710 - Beira Mar c/ vista,4 h√≥spedes,1 quarto,2 camas,1 banheiro,Elevador,Wi-Fi,Academia,Self check-In,4.89,35,313,756,Raridade
355,29394639,2021-02-19,2021-02-21,Flat inteiro em Indian√≥polis,Flat Mercure Times Square Garden Front Metr√¥ Moema,3 h√≥spedes,1 quarto,1 cama,1 banheiro,Elevador,Wi-Fi,Academia,Self check-In,4.90,120,147,294,Raridade
356,17164214,2021-02-19,2021-02-21,Apartamento inteiro em Santos,BOOK SANTOS - Estanconfor 605 - Apto. Executivo,4 h√≥spedes,1 quarto,2 camas,1 banheiro,Elevador,Wi-Fi,Academia,Self check-In,4.78,36,267,664,Novo pre√ßo mais baixo
357,37237280,2021-02-19,2021-02-21,Quarto inteiro em Pitangueiras,Su√≠te Guaruj√° apto Frente Mar 2,7 h√≥spedes,1 quarto,4 camas,1 banheiro e meio,Elevador,Wi-Fi,Self check-In,Vista para o mar,4.67,21,193,386,Novo pre√ßo mais baixo
359,47135379,2021-02-19,2021-02-21,Apartamento inteiro em Embar√©,Quarto e sala no Embar√© Canal 4,4 h√≥spedes,1 quarto,2 camas,1 banheiro,Wi-Fi,Self check-In,Ar-condicionado,Estacionamento gratuito,5.0,6,134,377,Novo pre√ßo mais baixo
360,46642800,2021-02-19,2021-02-21,Apartamento inteiro em Jos√© Menino,Book Santos - Unlimited 3211 - No alto do Arranha C√©us,4 h√≥spedes,1 quarto,2 camas,1 banheiro,Elevador,Wi-Fi,Academia,Self check-In,4.88,8,341,812,Raridade
366,45214967,2021-02-19,2021-02-21,Casa inteira em Praia de Juque√≠,"Casinha Linda! C/ Piscina Privativa, Ar, Churras..",4 h√≥spedes,1 quarto,3 camas,1 banheiro,Piscina,Wi-Fi,Estacionamento gratuito,Ar-condicionado,4.94,18,636,1.422,Raridade
367,34371089,2021-02-19,2021-02-21,Apartamento inteiro em Barra Funda,"GUARUJ√Å Wi-Fi, PITANGUEIRAS AP 2134 FLAT",6 h√≥spedes,2 quartos,12 camas,2 banheiros,Piscina,Wi-Fi,Estacionamento gratuito,Ar-condicionado,4.58,12,350,799,Novo pre√ßo mais baixo
368,39535674,2021-02-19,2021-02-21,Apartamento inteiro em Boqueir√£o,Conforto na praia,4 h√≥spedes,1 quarto,4 camas,1 banheiro,Piscina,Wi-Fi,Estacionamento gratuito,Ar-condicionado,4.85,46,290,650,Novo pre√ßo mais baixo
374,43058873,2021-02-26,2021-02-28,Apartamento inteiro em Guaruj√°,"Apto na melhor parte da Enseada,pertinho do mar.",4 h√≥spedes,2 quartos,2 camas,2 banheiros,Elevador,Wi-Fi,Ar-condicionado,Estacionamento gratuito,5.0,16,243,685,Novo pre√ßo mais baixo
375,41530242,2021-02-26,2021-02-28,Apartamento inteiro em Vila Assuncao,"Alugo  apto 
Cond . familiar.
praia grande.",4 h√≥spedes,2 quartos,4 camas,2 banheiros,Wi-Fi,Ar-condicionado,Estacionamento gratuito,Permitido animais,4.89,18,223,445,Novo pre√ßo mais baixo
377,31185419,2021-02-19,2021-02-21,Casa de h√≥spedes inteira em Bertioga,Casa Temporada em Borac√©ia C/ Piscina-Casa T√©rrea,6 h√≥spedes,2 quartos,4 camas,1 banheiro,Wi-Fi,Piscina,Cozinha,Permitido animais,4.74,32,232,514,Raridade
378,46329139,2021-02-19,2021-02-21,Apartamento inteiro em Maitinga,Apartamento bem localizado. 300 metros da praia,6 h√≥spedes,2 quartos,5 camas,2 banheiros,Wi-Fi,Piscina,Cozinha,Estacionamento gratuito,5.0,7,314,628,Novo pre√ßo mais baixo
380,39790134,2021-02-19,2021-02-21,Apartamento inteiro em Riviera de S√£o Louren√ßo,Lindo Flat 237 de 1 dorm em Riviera,6 h√≥spedes,1 quarto,3 camas,1 banheiro,Wi-Fi,Ar-condicionado,Piscina,Cozinha,4.76,17,410,970,Novo pre√ßo mais baixo
381,45360814,2021-02-19,2021-02-21,Apartamento inteiro em S√©,Su√≠te Completa com Forno & Cooktop ao lado do Br√°s,2 h√≥spedes,1 quarto,1 cama,1 banheiro,Wi-Fi,Ar-condicionado,Piscina,Cozinha,4.67,30,99,293,Novo pre√ßo mais baixo
386,43932528,2021-02-26,2021-02-28,Apartamento inteiro em Vila Matias,FUSION HOME | Garagem | Wi-Fi | Netflix,5 h√≥spedes,1 quarto,1 cama,1 banheiro,Piscina,Wi-Fi,Estacionamento gratuito,Ar-condicionado,4.94,32,240,605,Novo pre√ßo mais baixo
389,38100004,2021-02-19,2021-02-21,Apartamento inteiro em Centro,"Studio Moderno em SP c/ Cooktop, Smart TV & Sacada",2 h√≥spedes,1 quarto,1 cama,1 banheiro,Elevador,Wi-Fi,Academia,Self check-In,4.78,74,99,283,Novo pre√ßo mais baixo
390,22191569,2021-02-19,2021-02-21,Apartamento inteiro em Jd Neptunia,"O Melhor de Bertioga em Indai√°, √° 50 m da praia.",6 h√≥spedes,2 quartos,5 camas,2 banheiros,Elevador,Wi-Fi,Academia,Vista para o mar,4.95,55,581,1.312,Novo pre√ßo mais baixo
391,21675628,2021-02-19,2021-02-21,Apartamento inteiro em Jos√© Menino,Studio Holliday - Linda vista da praia (Santos/SP),4 h√≥spedes,Est√∫dio,1 cama,1 banheiro,Elevador,Wi-Fi,Self check-In,Vista para o mar,4.93,85,171,461,Raridade
392,21987927,2021-02-19,2021-02-21,Condom√≠nio inteiro em Indai√°,"Bertioga, Indai√°, Condom√≠nio de frente para o Mar",6 h√≥spedes,2 quartos,2 camas,2 banheiros,Elevador,Wi-Fi,Academia,Self check-In,4.83,30,585,1.369,Novo pre√ßo mais baixo
393,45172512,2021-02-19,2021-02-21,Apartamento inteiro em S√©,"Studio Privativo com Cama Queen, Smart TV & Wi-Fi!",2 h√≥spedes,1 quarto,1 cama,1 banheiro,Elevador,Wi-Fi,Academia,Self check-In,5.0,10,99,283,Novo pre√ßo mais baixo
396,30282988,2021-02-26,2021-02-28,Apartamento inteiro em Itarare,"Studio em S√£o Vicente , Sp , Praia dos milion√°rios",3 h√≥spedes,Est√∫dio,2 camas,1 banheiro,Elevador,Wi-Fi,Self check-In,Vista para o mar,4.89,9,240,479,Novo pre√ßo mais baixo
401,45439335,2021-02-26,2021-02-28,Casa inteira em Bertioga,Casa de f√©rias na praia de Bertioga-SP,5 h√≥spedes,1 quarto,3 camas,1 banheiro,Wi-Fi,Cozinha,Estacionamento gratuito,Permitido animais,5.0,13,400,799,Novo pre√ßo mais baixo
406,47156952,2021-02-19,2021-02-21,Apartamento inteiro em Riviera de S√£o Louren√ßo,APARTAMENTO/QUARTO ACONCHEGANTE EM RIVIERA.,5 h√≥spedes,1 quarto,4 camas,1 banheiro,Wi-Fi,Ar-condicionado,Piscina,Cozinha,4.67,6,513,1.025,Novo pre√ßo mais baixo
407,22898642,2021-02-19,2021-02-21,Apartamento inteiro em Centerville,"A PRAIA EST√Å ABERTA!
Apartamento em Bertioga-SP",4 h√≥spedes,1 quarto,3 camas,1 banheiro,Ar-condicionado,Cozinha,Estacionamento gratuito,Permitido animais,4.45,75,106,262,Novo pre√ßo mais baixo
426,46819820,2021-02-19,2021-02-21,Apartamento inteiro em Vila Clais,"Bertioga, condom√≠nio, p√© na areia.",6 h√≥spedes,1 quarto,3 camas,1 banheiro,Wi-Fi,Cozinha,Estacionamento gratuito,Vista para o mar,4.71,7,354,708,Novo pre√ßo mais baixo
427,40658541,2021-02-26,2021-02-28,Casa inteira em Bertioga,Casa Praia Bertioga/SP a partir de R$100 p/pessoa,5 h√≥spedes,2 quartos,4 camas,2 banheiros,Wi-Fi,Ar-condicionado,Cozinha,Estacionamento gratuito,4.77,13,263,525,Novo pre√ßo mais baixo
431,22299956,2021-02-26,2021-02-28,Apartamento inteiro em Jos√© Menino,Frente e vista para o mar de Santos e S√£o Vicente.,3 h√≥spedes,Est√∫dio,3 camas,1 banheiro,Wi-Fi,Cozinha,Permitido animais,Elevador,4.83,92,154,388,Novo pre√ßo mais baixo
442,21282060,2021-02-26,2021-02-28,Quarto inteiro em Guaruj√°,"Ampla suite casal terra√ßo vista p.mar , ar cond.",2 h√≥spedes,2 quartos,1 cama,2 banheiros,Ar-condicionado,Cozinha,Estacionamento gratuito,Permitido animais,4.63,43,130,410,Novo pre√ßo mais baixo
443,32122816,2021-02-26,2021-02-28,Condom√≠nio inteiro em Balne√°rio Mogiano,Apartamento familiar c/ wi-fi-  Praia de Boraceia,6 h√≥spedes,2 quartos,6 camas,2 banheiros,Wi-Fi,Cozinha,Estacionamento gratuito,Permitido animais,4.54,37,236,571,Novo pre√ßo mais baixo
444,21458651,2021-02-26,2021-02-28,Condom√≠nio inteiro em Vila Julia,"Apto, 1 quarto, amplo, ar cond, vent , tvs, wi-fi",4 h√≥spedes,1 quarto,3 camas,2 banheiros,Wi-Fi,Ar-condicionado,Cozinha,Estacionamento gratuito,4.58,31,182,514,Novo pre√ßo mais baixo
452,45361407,2021-02-19,2021-02-21,Apartamento inteiro em Sa√∫de,TD77 Apartamento moderno na Sa√∫de,3 h√≥spedes,1 quarto,2 camas,1 banheiro,Wi-Fi,Ar-condicionado,Cozinha,Academia,4.67,21,141,411,Raridade
454,46173892,2021-02-19,2021-02-21,Loft inteiro em Boqueir√£o,Kit Praia e Mar - Voc√™ a um passo da areia!,4 h√≥spedes,Est√∫dio,4 camas,1 banheiro,Ar-condicionado,Cozinha,Estacionamento gratuito,Permitido animais,5.0,14,177,443,Novo pre√ßo mais baixo
455,46866361,2021-02-26,2021-02-28,Apartamento inteiro em Vila Tupi,#Kitnet63 | A felicidade est√° a 150 m da praia! ‚ù§,4 h√≥spedes,1 quarto,4 camas,1 banheiro,Wi-Fi,Estacionamento gratuito,Permitido animais,Cozinha,5.0,3,124,364,Novo pre√ßo mais baixo
471,45177742,2021-02-19,2021-02-21,Apartamento inteiro em Perdizes,"Apto com Cozinha Americana, Vaga, Cooktop e Wi-Fi",2 h√≥spedes,1 quarto,1 cama,1 banheiro,Wi-Fi,Academia,Self check-In,Secadora,4.91,11,164,428,Novo pre√ßo mais baixo
472,47269113,2021-02-19,2021-02-21,Apartamento inteiro em Centervalle,Apto novinho em condom√≠nio clube,6 h√≥spedes,2 quartos,3 camas,2 banheiros,Elevador,Academia,Estacionamento gratuito,Cozinha,5.0,3,297,753,Novo pre√ßo mais baixo
477,32166447,2021-02-19,2021-02-21,Apartamento inteiro em Centro,"Su√≠te moderna com Wi-Fi, Smart TV e Cama Queen!",2 h√≥spedes,1 quarto,1 cama,1 banheiro,Elevador,Wi-Fi,Academia,Self check-In,4.82,191,99,283,Novo pre√ßo mais baixo
481,40704032,2021-02-26,2021-02-28,Apartamento inteiro em Riviera de S√£o Louren√ßo,AP. JARDIM S√ÉO  LOUREN√áO 4 PESSOAS AO LADO RIVIERA,4 h√≥spedes,2 quartos,3 camas,2 banheiros,Elevador,Academia,Secadora,Ar-condicionado,5.0,10,412,993,Novo pre√ßo mais baixo
485,42040376,2021-02-19,2021-02-21,Apartamento inteiro em Itarar√©,Apartamento 1 quadra da praia divisa S√£o Vicente,2 h√≥spedes,1 quarto,3 camas,1 banheiro,Elevador,Wi-Fi,Estacionamento gratuito,Cozinha,4.80,5,167,359,Raridade
498,39499342,2021-02-26,2021-02-28,Apartamento inteiro em Praia Grande,"Apartamento 1 dormit√≥rio no Boqueir√£o com Piscina, 50 metros da Praia",4 h√≥spedes,1 quarto,3 camas,1 banheiro,Piscina,Wi-Fi,Estacionamento gratuito,Ar-condicionado,5.0,18,184,488,Novo pre√ßo mais baixo
510,24287304,2021-02-19,2021-02-21,Apartamento inteiro em Canto do Forte,Apartamento de sonho,5 h√≥spedes,Est√∫dio,1 cama,1 banheiro,Cozinha,Estacionamento gratuito,Permitido animais,Academia,4.80,46,170,340,Novo pre√ßo mais baixo
512,35263948,2021-02-19,2021-02-21,Apartamento inteiro em Centro,Studio Limpo √† passos da R. 25 de Mar√ßo com Wi-Fi!,2 h√≥spedes,1 quarto,1 cama,1 banheiro,Wi-Fi,Ar-condicionado,Piscina,Academia,4.74,95,94,273,Novo pre√ßo mais baixo
515,29394639,2021-02-19,2021-02-21,Flat inteiro em Indian√≥polis,Flat Mercure Times Square Garden Front Metr√¥ Moema,3 h√≥spedes,1 quarto,1 cama,1 banheiro,Wi-Fi,Ar-condicionado,Piscina,Cozinha,4.90,120,147,294,Raridade
516,29573901,2021-02-19,2021-02-21,"Casa inteira em Praia de Juquehy, S√£o Sebasti√£o",Lindo Flat em Juquehy! Lugar para relaxar.,5 h√≥spedes,1 quarto,4 camas,1 banheiro,Wi-Fi,Ar-condicionado,Cozinha,Estacionamento gratuito,4.64,47,425,1.049,Novo pre√ßo mais baixo
519,22197735,2021-02-19,2021-02-21,Apartamento inteiro em Praia Grande,*** Apartamento em Praia Grande Frente ao Mar ***,6 h√≥spedes,1 quarto,3 camas,1 banheiro,Wi-Fi,Cozinha,Estacionamento gratuito,Elevador,4.90,78,213,536,Novo pre√ßo mais baixo
521,43885755,2021-02-26,2021-02-28,Casa inteira em Maitinga,Casa p√© na areia em condom√≠nio fechado em Bertioga,6 h√≥spedes,2 quartos,7 camas,1 banheiro e meio,Wi-Fi,Estacionamento gratuito,Cozinha,M√°quina de Lavar,5.0,11,382,913,Novo pre√ßo mais baixo
523,39507287,2021-02-26,2021-02-28,Casa inteira em Bertioga,SOBRADO NOVO em BERTIOGA-Vista Linda S25 (do meio),6 h√≥spedes,3 quartos,4 camas,2 banheiros e meio,Wi-Fi,Estacionamento gratuito,Permitido animais,Cozinha,4.97,34,251,631,Novo pre√ßo mais baixo
525,39047507,2021-02-19,2021-02-21,Apartamento inteiro em Maitinga,Apartamento Bertioga-Praia da Enseada  100m praia,6 h√≥spedes,2 quartos,6 camas,2 banheiros,Wi-Fi,Ar-condicionado,Piscina,Cozinha,5.0,27,582,1.324,Novo pre√ßo mais baixo
527,37237280,2021-02-19,2021-02-21,Quarto inteiro em Pitangueiras,Su√≠te Guaruj√° apto Frente Mar 2,7 h√≥spedes,1 quarto,4 camas,1 banheiro e meio,Wi-Fi,Cozinha,Permitido animais,Elevador,4.67,21,193,386,Novo pre√ßo mais baixo
529,45312708,2021-02-19,2021-02-21,Apartamento inteiro em Centro,"Apartamento, piscina, 25demar√ßo, Br√°s, metr√¥ 15",2 h√≥spedes,1 quarto,1 cama,1 banheiro,Wi-Fi,Ar-condicionado,Piscina,Cozinha,4.91,32,96,257,Raridade
530,32399851,2021-02-19,2021-02-21,Apartamento inteiro em Parque Enseada,"Ap praia Enseada, Guaruj√°,  excelente localiza√ß√£o",5 h√≥spedes,1 quarto,8 camas,0 banheiros,Wi-Fi,Cozinha,Estacionamento gratuito,Permitido animais,4.83,6,214,548,Novo pre√ßo mais baixo
533,45312708,2021-02-19,2021-02-21,Apartamento inteiro em Centro,"Apartamento, piscina, 25demar√ßo, Br√°s, metr√¥ 15",2 h√≥spedes,1 quarto,1 cama,1 banheiro,Wi-Fi,Academia,Secadora,Ar-condicionado,4.91,32,96,257,Raridade
538,39790134,2021-02-19,2021-02-21,Apartamento inteiro em Riviera de S√£o Louren√ßo,Lindo Flat 237 de 1 dorm em Riviera,6 h√≥spedes,1 quarto,3 camas,1 banheiro,Wi-Fi,Ar-condicionado,Estacionamento gratuito,Cozinha,4.76,17,410,970,Novo pre√ßo mais baixo
547,39790134,2021-02-26,2021-02-28,Apartamento inteiro em Riviera de S√£o Louren√ßo,Lindo Flat 237 de 1 dorm em Riviera,6 h√≥spedes,1 quarto,3 camas,1 banheiro,Piscina,Wi-Fi,Estacionamento gratuito,Ar-condicionado,4.76,17,410,970,Novo pre√ßo mais baixo
548,4839455,2021-02-19,2021-02-21,Apartamento inteiro em Bertioga,Apart. na Riviera de S√£o Louren√ßo,4 h√≥spedes,1 quarto,1 cama,1 banheiro,Elevador,Wi-Fi,Academia,Ar-condicionado,4.73,99,514,1.027,Novo pre√ßo mais baixo
551,38125377,2021-02-19,2021-02-21,Apartamento inteiro em S√©,"Studio Mobiliado com Cooktop, Varanda & Wi-Fi! (:",2 h√≥spedes,1 quarto,1 cama,1 banheiro,Elevador,Wi-Fi,Academia,Self check-In,4.82,87,99,283,Novo pre√ßo mais baixo
568,44169847,2021-02-19,2021-02-21,Condom√≠nio inteiro em Jos√© Menino,Book Santos ‚Äî Unlimited 1412 ‚Äî Est√∫dio completo‚Ä¶,4 h√≥spedes,1 quarto,2 camas,1 banheiro,Wi-Fi,Academia,Self check-In,Jacuzzi,4.77,22,288,706,Raridade
571,20713038,2021-02-19,2021-02-21,Apartamento inteiro em Itarar√©,Total privacidade pr√≥ximo da praia.,2 h√≥spedes,1 quarto,1 cama,1 banheiro,Elevador,Self check-In,Estacionamento gratuito,Permitido animais,4.28,65,145,320,Novo pre√ßo mais baixo
574,43058873,2021-02-19,2021-02-21,Apartamento inteiro em Guaruj√°,"Apto na melhor parte da Enseada,pertinho do mar.",4 h√≥spedes,2 quartos,2 camas,2 banheiros,Elevador,Wi-Fi,Ar-condicionado,Estacionamento gratuito,5.0,16,243,685,Novo pre√ßo mais baixo
575,41623975,2021-02-19,2021-02-21,Apartamento inteiro em Vila Clais,Apto em Resort vista para praia com sacada gourmet,6 h√≥spedes,2 quartos,10 camas,2 banheiros,Wi-Fi,Academia,Jacuzzi,Ar-condicionado,4.95,21,554,1.107,Novo pre√ßo mais baixo
576,23175564,2021-02-19,2021-02-21,Condom√≠nio inteiro em Aparecida,"Venha viver a Natureza, pr√©dio frente  praia",4 h√≥spedes,1 quarto,2 camas,1 banheiro,Elevador,Wi-Fi,Academia,Self check-In,4.79,84,154,388,Novo pre√ßo mais baixo
577,45020057,2021-02-26,2021-02-28,Apartamento inteiro em Jos√© Menino,Book Santos - Unlimited 911 - Est√∫dio Eleg√¢ncia,4 h√≥spedes,1 quarto,1 cama,1 banheiro,Piscina,Wi-Fi,Estacionamento gratuito,Ar-condicionado,4.89,27,344,818,Raridade
578,21913470,2021-02-26,2021-02-28,Apartamento inteiro em Vila Clais,Apt. na Praia da Enseada - Bertioga,8 h√≥spedes,3 quartos,5 camas,2 banheiros,Piscina,Cozinha,Estacionamento gratuito,Permitido animais,4.68,56,296,742,Novo pre√ßo mais baixo
579,17120847,2021-02-19,2021-02-21,Apartamento inteiro em Bertioga,Apartamento frente ao mar - Praia do Indai√°,6 h√≥spedes,2 quartos,5 camas,2 banheiros,Piscina,Wi-Fi,Estacionamento gratuito,Ar-condicionado,4.94,36,697,1.558,Raridade
580,39458084,2021-02-19,2021-02-21,Apartamento inteiro em Riviera de S√£o Louren√ßo,Flat 239 muito bem decorado em Riviera,6 h√≥spedes,2 quartos,3 camas,2 banheiros,Piscina,Wi-Fi,Estacionamento gratuito,Ar-condicionado,4.65,34,696,1.541,Novo pre√ßo mais baixo
581,47517305,2021-02-19,2021-02-21,Apartamento inteiro em Gonzaga,Book Santos - Estanconfor 2010 - Sacada ampla com a melhor vista Mar,4 h√≥spedes,1 quarto,1 cama,1 banheiro,Piscina,Wi-Fi,Estacionamento gratuito,Ar-condicionado,4.50,10,356,841,Raridade
582,45481749,2021-02-26,2021-02-28,Apartamento inteiro em Jos√© Menino,Studio moderno em condom√≠nio de luxo p√© na areia,4 h√≥spedes,Est√∫dio,2 camas,1 banheiro,Piscina,Wi-Fi,Estacionamento gratuito,Ar-condicionado,4.73,11,380,884,Novo pre√ßo mais baixo
583,39962236,2021-02-19,2021-02-21,Condom√≠nio inteiro em Balneario Cidade Atlantica,"Apartamento Enseada, Guaruj√° - Condom√≠nio  Piscina",6 h√≥spedes,1 quarto,4 camas,1 banheiro,Ar-condicionado,Piscina,Cozinha,Estacionamento gratuito,4.50,4,233,536,Novo pre√ßo mais baixo
587,22191569,2021-02-26,2021-02-28,Apartamento inteiro em Jd Neptunia,"O Melhor de Bertioga em Indai√°, √° 50 m da praia.",6 h√≥spedes,2 quartos,5 camas,2 banheiros,Wi-Fi,Ar-condicionado,Piscina,Cozinha,4.95,55,581,1.312,Novo pre√ßo mais baixo
588,22898642,2021-02-26,2021-02-28,Apartamento inteiro em Centerville,"A PRAIA EST√Å ABERTA!
Apartamento em Bertioga-SP",4 h√≥spedes,1 quarto,3 camas,1 banheiro,Ar-condicionado,Cozinha,Estacionamento gratuito,Permitido animais,4.45,75,106,262,Novo pre√ßo mais baixo
589,32285672,2021-02-26,2021-02-28,Apartamento inteiro em Bertioga,Promo√ß√£o de Carnaval - Lindo flat em Bertioga,5 h√≥spedes,2 quartos,3 camas,1 banheiro,Wi-Fi,Cozinha,M√°quina de Lavar,Self check-In,5.0,7,179,468,Novo pre√ßo mais baixo
612,47156952,2021-02-19,2021-02-21,Apartamento inteiro em Riviera de S√£o Louren√ßo,APARTAMENTO/QUARTO ACONCHEGANTE EM RIVIERA.,5 h√≥spedes,1 quarto,4 camas,1 banheiro,Wi-Fi,Vista para as √°guas,Ar-condicionado,Estacionamento gratuito,4.67,6,513,1.025,Raridade
614,45855495,2021-02-26,2021-02-28,Apartamento inteiro em Praia Grande,"PG Frente ao mar. Espa√ßoso, aconchegante com wifi",6 h√≥spedes,2 quartos,3 camas,2 banheiros,Wi-Fi,Vista para o mar,Estacionamento gratuito,Permitido animais,4.91,11,239,628,Raridade
622,45172512,2021-02-26,2021-02-28,Apartamento inteiro em S√©,"Studio Privativo com Cama Queen, Smart TV & Wi-Fi!",2 h√≥spedes,1 quarto,1 cama,1 banheiro,Wi-Fi,Ar-condicionado,Piscina,Academia,5.0,10,99,283,Novo pre√ßo mais baixo
637,46821448,2021-02-19,2021-02-21,Apartamento inteiro em Praia da Enseada,COMPLETO DE FRENTE PRO MAR - BERTIOGA,4 h√≥spedes,1 quarto,2 camas,2 banheiros,Wi-Fi,Ar-condicionado,Piscina,Cozinha,5.0,8,780,1.689,Raridade
640,46173892,2021-02-26,2021-02-28,Loft inteiro em Boqueir√£o,Kit Praia e Mar - Voc√™ a um passo da areia!,4 h√≥spedes,Est√∫dio,4 camas,1 banheiro,Ar-condicionado,Estacionamento gratuito,Permitido animais,Cozinha,5.0,14,177,443,Novo pre√ßo mais baixo
641,37237280,2021-02-26,2021-02-28,Quarto inteiro em Pitangueiras,Su√≠te Guaruj√° apto Frente Mar 2,7 h√≥spedes,1 quarto,4 camas,1 banheiro e meio,Elevador,Wi-Fi,Self check-In,Vista para o mar,4.67,21,184,368,Novo pre√ßo mais baixo
661,47052142,2021-02-19,2021-02-21,Apartamento inteiro em Jardim Paulista,Apto Vista para o Mar Centro Bertioga,6 h√≥spedes,2 quartos,3 camas,2 banheiros,Piscina,Wi-Fi,Estacionamento gratuito,Ar-condicionado,5.0,3,400,799,Novo pre√ßo mais baixo
662,47156952,2021-02-19,2021-02-21,Apartamento inteiro em Riviera de S√£o Louren√ßo,APARTAMENTO/QUARTO ACONCHEGANTE EM RIVIERA.,5 h√≥spedes,1 quarto,4 camas,1 banheiro,Piscina,Wi-Fi,Estacionamento gratuito,Ar-condicionado,4.67,6,513,1.025,Raridade
681,46821448,2021-02-19,2021-02-21,Apartamento inteiro em Praia da Enseada,COMPLETO DE FRENTE PRO MAR - BERTIOGA,4 h√≥spedes,1 quarto,2 camas,2 banheiros,Elevador,Wi-Fi,Academia,Vista para o mar,5.0,8,780,1.689,Raridade
682,39962236,2021-02-19,2021-02-21,Condom√≠nio inteiro em Balneario Cidade Atlantica,"Apartamento Enseada, Guaruj√° - Condom√≠nio  Piscina",6 h√≥spedes,1 quarto,4 camas,1 banheiro,Elevador,Ar-condicionado,Estacionamento gratuito,Cozinha,4.50,4,233,536,Novo pre√ßo mais baixo
684,44169847,2021-02-26,2021-02-28,Condom√≠nio inteiro em Jos√© Menino,Book Santos ‚Äî Unlimited 1412 ‚Äî Est√∫dio completo‚Ä¶,4 h√≥spedes,1 quarto,2 camas,1 banheiro,Wi-Fi,Academia,Self check-In,Jacuzzi,4.77,22,303,735,Raridade
687,29763562,2021-02-26,2021-02-28,Apartamento inteiro em Guilhermina,Lindo apartamento em pr√©dio de frente para o mar.,4 h√≥spedes,1 quarto,2 camas,1 banheiro,Elevador,Self check-In,Vista para o mar,Ar-condicionado,4.97,38,223,531,Novo pre√ßo mais baixo
690,20590298,2021-02-26,2021-02-28,Apartamento inteiro em Jardim Santa Genoveva,APTO INTEIRO e confort√°vel - Praia da Enseada.,6 h√≥spedes,2 quartos,5 camas,1 banheiro,Elevador,Wi-Fi,Self check-In,Estacionamento gratuito,4.89,85,203,525,Novo pre√ßo mais baixo
696,45362756,2021-02-26,2021-02-28,Apartamento inteiro em S√©,"Su√≠te com Sacada no 24¬∫ Andar, Wi-Fi & Cama Queen!",2 h√≥spedes,1 quarto,1 cama,1 banheiro,Wi-Fi,Ar-condicionado,Piscina,Academia,4.85,60,99,283,Raridade
703,37745985,2021-02-19,2021-02-21,Apartamento inteiro em S√©,Studio Completo ao lado do Metr√¥ com Portaria 24h!,2 h√≥spedes,1 quarto,1 cama,1 banheiro,Elevador,Wi-Fi,Academia,Self check-In,4.60,123,94,273,Novo pre√ßo mais baixo
704,45362756,2021-02-26,2021-02-28,Apartamento inteiro em S√©,"Su√≠te com Sacada no 24¬∫ Andar, Wi-Fi & Cama Queen!",2 h√≥spedes,1 quarto,1 cama,1 banheiro,Wi-Fi,Ar-condicionado,Piscina,Academia,4.85,60,99,283,Novo pre√ßo mais baixo
707,40113544,2021-02-26,2021-02-28,Apartamento inteiro em Centro,Su√≠te Mobiliada com Wi-Fi & Smart TV!,2 h√≥spedes,1 quarto,1 cama,1 banheiro,Wi-Fi,Ar-condicionado,Piscina,Academia,4.72,88,99,283,Novo pre√ßo mais baixo
708,40207948,2021-02-26,2021-02-28,Apartamento inteiro em Avia√ß√£o,Apto loca√ß√£o Praia Grande (Avia√ß√£o) WiFi - NetFlix,6 h√≥spedes,2 quartos,2 camas,2 banheiros,Wi-Fi,Piscina,Cozinha,Estacionamento gratuito,5.0,21,275,549,Novo pre√ßo mais baixo
709,45362756,2021-02-19,2021-02-21,Apartamento inteiro em S√©,"Su√≠te com Sacada no 24¬∫ Andar, Wi-Fi & Cama Queen!",2 h√≥spedes,1 quarto,1 cama,1 banheiro,Elevador,Wi-Fi,Academia,Self check-In,4.85,60,99,283,Raridade
711,32122816,2021-02-19,2021-02-21,Condom√≠nio inteiro em Balne√°rio Mogiano,Apartamento familiar c/ wi-fi-  Praia de Boraceia,6 h√≥spedes,2 quartos,6 camas,2 banheiros,Wi-Fi,Estacionamento gratuito,Permitido animais,Cozinha,4.54,37,236,571,Novo pre√ßo mais baixo
713,45360814,2021-02-19,2021-02-21,Apartamento inteiro em S√©,Su√≠te Completa com Forno & Cooktop ao lado do Br√°s,2 h√≥spedes,1 quarto,1 cama,1 banheiro,Wi-Fi,Academia,Self check-In,Secadora,4.67,30,99,293,Novo pre√ßo mais baixo
716,21458651,2021-02-19,2021-02-21,Condom√≠nio inteiro em Vila Julia,"Apto, 1 quarto, amplo, ar cond, vent , tvs, wi-fi",4 h√≥spedes,1 quarto,3 camas,2 banheiros,Wi-Fi,Ar-condicionado,Cozinha,Estacionamento gratuito,4.58,31,182,514,Novo pre√ßo mais baixo
718,33075341,2021-02-19,2021-02-21,Apartamento inteiro em Barra Funda,"Kitnet Guaruj√° Centro, Pitangueiras",4 h√≥spedes,1 quarto,3 camas,1 banheiro,Cozinha,Estacionamento gratuito,Elevador,M√°quina de Lavar,4.60,54,188,456,Novo pre√ßo mais baixo
720,21987927,2021-02-19,2021-02-21,Condom√≠nio inteiro em Indai√°,"Bertioga, Indai√°, Condom√≠nio de frente para o Mar",6 h√≥spedes,2 quartos,2 camas,2 banheiros,Piscina,Wi-Fi,Estacionamento gratuito,Ar-condicionado,4.83,30,585,1.369,Novo pre√ßo mais baixo
721,11697852,2021-02-19,2021-02-21,Flat inteiro em Bertioga,"SUPERHOST - Flat com Ar, WiFi, Tv Cabo e garagem",4 h√≥spedes,1 quarto,2 camas,1 banheiro,Piscina,Wi-Fi,Estacionamento gratuito,Ar-condicionado,4.68,109,467,1.004,Raridade
731,40067438,2021-02-26,2021-02-28,Apartamento inteiro em Boqueir√£o,Apto. Kitnet Boqueir√£o - 100m da praia,4 h√≥spedes,Est√∫dio,2 camas,1 banheiro,Elevador,Wi-Fi,Self check-In,Estacionamento gratuito,4.94,18,111,331,Novo pre√ßo mais baixo
733,20590298,2021-02-26,2021-02-28,Apartamento inteiro em Jardim Santa Genoveva,APTO INTEIRO e confort√°vel - Praia da Enseada.,6 h√≥spedes,2 quartos,5 camas,1 banheiro,Wi-Fi,Cozinha,Estacionamento gratuito,Elevador,4.89,85,203,525,Novo pre√ßo mais baixo
734,45020057,2021-02-26,2021-02-28,Apartamento inteiro em Jos√© Menino,Book Santos - Unlimited 911 - Est√∫dio Eleg√¢ncia,4 h√≥spedes,1 quarto,1 cama,1 banheiro,Wi-Fi,Ar-condicionado,Piscina,Cozinha,4.89,27,344,818,Raridade
742,47052142,2021-02-26,2021-02-28,Apartamento inteiro em Jardim Paulista,Apto Vista para o Mar Centro Bertioga,6 h√≥spedes,2 quartos,3 camas,2 banheiros,Wi-Fi,Ar-condicionado,Piscina,Cozinha,5.0,3,400,799,Novo pre√ßo mais baixo
744,37237280,2021-02-26,2021-02-28,Quarto inteiro em Pitangueiras,Su√≠te Guaruj√° apto Frente Mar 2,7 h√≥spedes,1 quarto,4 camas,1 banheiro e meio,Wi-Fi,Cozinha,Permitido animais,Elevador,4.67,21,184,368,Novo pre√ßo mais baixo
745,41623975,2021-02-26,2021-02-28,Apartamento inteiro em Vila Clais,Apto em Resort vista para praia com sacada gourmet,6 h√≥spedes,2 quartos,10 camas,2 banheiros,Wi-Fi,Ar-condicionado,Piscina,Cozinha,4.95,21,554,1.107,Novo pre√ßo mais baixo
756,22191569,2021-02-26,2021-02-28,Apartamento inteiro em Jd Neptunia,"O Melhor de Bertioga em Indai√°, √° 50 m da praia.",6 h√≥spedes,2 quartos,5 camas,2 banheiros,Elevador,Wi-Fi,Academia,Vista para o mar,4.95,55,581,1.312,Novo pre√ßo mais baixo
784,41623975,2021-02-26,2021-02-28,Apartamento inteiro em Vila Clais,Apto em Resort vista para praia com sacada gourmet,6 h√≥spedes,2 quartos,10 camas,2 banheiros,Wi-Fi,Academia,Jacuzzi,Ar-condicionado,4.95,21,554,1.107,Novo pre√ßo mais baixo
795,26236828,2021-02-19,2021-02-21,Condom√≠nio inteiro em Rep√∫blica,203 Sofistica√ß√£o na melhor Localiza√ß√£o de SP203,6 h√≥spedes,1 quarto,1 cama,1 banheiro,Elevador,Wi-Fi,Academia,Self check-In,4.54,108,106,272,Raridade
797,22197735,2021-02-19,2021-02-21,Apartamento inteiro em Praia Grande,*** Apartamento em Praia Grande Frente ao Mar ***,6 h√≥spedes,1 quarto,3 camas,1 banheiro,Elevador,Wi-Fi,Self check-In,Vista para o mar,4.90,78,213,536,Novo pre√ßo mais baixo
808,45100148,2021-02-26,2021-02-28,Apartamento inteiro em Loteamento Costa do Sol,Apartamento em Guaratuba - Costa do Sol,6 h√≥spedes,1 quarto,3 camas,1 banheiro,Wi-Fi,Ar-condicionado,Piscina,Cozinha,5.0,10,211,502,Novo pre√ßo mais baixo
829,34152411,2021-02-26,2021-02-28,Apartamento inteiro em S√©,"Studio no Centro com Portaria 24h, Varanda & Wi-Fi",2 h√≥spedes,1 quarto,1 cama,1 banheiro,Wi-Fi,Ar-condicionado,Piscina,Academia,4.78,110,99,283,Novo pre√ßo mais baixo
831,38100004,2021-02-26,2021-02-28,Apartamento inteiro em Centro,"Studio Moderno em SP c/ Cooktop, Smart TV & Sacada",2 h√≥spedes,1 quarto,1 cama,1 banheiro,Wi-Fi,Ar-condicionado,Piscina,Academia,4.78,74,99,283,Novo pre√ßo mais baixo
833,29281693,2021-02-26,2021-02-28,Casa de h√≥spedes inteira em Balneario Mogiano,Casa de Praia em Borac√©ia C/ Piscina-Casa Superior,6 h√≥spedes,2 quartos,6 camas,1 banheiro,Wi-Fi,Piscina,Cozinha,Estacionamento gratuito,4.88,49,232,514,Raridade
843,31831718,2021-02-26,2021-02-28,Apartamento inteiro em Avia√ß√£o,Ap√™ na PraiaüèÖChurrasco e Alegria td dia =D,6 h√≥spedes,1 quarto,2 camas,2 banheiros,Elevador,Wi-Fi,Self check-In,Ar-condicionado,4.91,55,212,573,Novo pre√ßo mais baixo
846,42119874,2021-02-26,2021-02-28,Casa inteira em Bertioga,Bertioga sobrado condom√≠nio fechado. Pr√≥ximo praia,4 h√≥spedes,2 quartos,4 camas,2 banheiros e meio,Wi-Fi,Ar-condicionado,Estacionamento gratuito,Cozinha,4.89,9,290,650,Novo pre√ßo mais baixo
847,22868881,2021-02-26,2021-02-28,Apartamento inteiro em Nova Mirim,Apartamento Na Ocian com *WiFi e vaga de garagem!,6 h√≥spedes,1 quarto,3 camas,1 banheiro,Elevador,Wi-Fi,Self check-In,Vista para o mar,4.89,46,200,399,Raridade
848,39047507,2021-02-19,2021-02-21,Apartamento inteiro em Maitinga,Apartamento Bertioga-Praia da Enseada  100m praia,6 h√≥spedes,2 quartos,6 camas,2 banheiros,Piscina,Wi-Fi,Estacionamento gratuito,Ar-condicionado,5.0,27,582,1.324,Novo pre√ßo mais baixo
850,46642800,2021-02-19,2021-02-21,Apartamento inteiro em Jos√© Menino,Book Santos - Unlimited 3211 - No alto do Arranha C√©us,4 h√≥spedes,1 quarto,2 camas,1 banheiro,Piscina,Wi-Fi,Estacionamento gratuito,Ar-condicionado,4.88,8,341,812,Raridade
852,39047507,2021-02-19,2021-02-21,Apartamento inteiro em Maitinga,Apartamento Bertioga-Praia da Enseada  100m praia,6 h√≥spedes,2 quartos,6 camas,2 banheiros,Elevador,Wi-Fi,Academia,Vista para o mar,5.0,27,582,1.324,Novo pre√ßo mais baixo
859,45481749,2021-02-26,2021-02-28,Apartamento inteiro em Jos√© Menino,Studio moderno em condom√≠nio de luxo p√© na areia,4 h√≥spedes,Est√∫dio,2 camas,1 banheiro,Wi-Fi,Ar-condicionado,Piscina,Cozinha,4.73,11,380,884,Novo pre√ßo mais baixo
885,31952361,2021-02-26,2021-02-28,Apartamento inteiro em Centro,"Apto frente ao mar c/ playground, ar cond. e Wi-Fi",6 h√≥spedes,Est√∫dio,2 camas,1 banheiro,Piscina,Wi-Fi,Estacionamento gratuito,Ar-condicionado,4.59,71,187,434,Raridade
892,46173892,2021-02-19,2021-02-21,Loft inteiro em Boqueir√£o,Kit Praia e Mar - Voc√™ a um passo da areia!,4 h√≥spedes,Est√∫dio,4 camas,1 banheiro,Ar-condicionado,Estacionamento gratuito,Permitido animais,Cozinha,5.0,14,177,443,Novo pre√ßo mais baixo
895,29927178,2021-02-19,2021-02-21,Apartamento inteiro em Consolacao,"Est√∫dio encantador em S√£o Paulo, pr√≥ximo ao metr√¥.",2 h√≥spedes,1 quarto,1 cama,1 banheiro,Elevador,Wi-Fi,Academia,Self check-In,4.87,281,166,331,Raridade
897,29573901,2021-02-19,2021-02-21,"Casa inteira em Praia de Juquehy, S√£o Sebasti√£o",Lindo Flat em Juquehy! Lugar para relaxar.,5 h√≥spedes,1 quarto,4 camas,1 banheiro,Wi-Fi,Secadora,Ar-condicionado,Estacionamento gratuito,4.64,47,425,1.049,Novo pre√ßo mais baixo
909,31185419,2021-02-26,2021-02-28,Casa de h√≥spedes inteira em Bertioga,Casa Temporada em Borac√©ia C/ Piscina-Casa T√©rrea,6 h√≥spedes,2 quartos,4 camas,1 banheiro,Wi-Fi,Permitido animais,Cozinha,Piscina,4.74,32,232,514,Raridade
910,21282060,2021-02-19,2021-02-21,Quarto inteiro em Guaruj√°,"Ampla suite casal terra√ßo vista p.mar , ar cond.",2 h√≥spedes,2 quartos,1 cama,2 banheiros,Self check-In,Vista para o mar,Ar-condicionado,Estacionamento gratuito,4.63,43,131,412,Novo pre√ßo mais baixo
925,26236828,2021-02-19,2021-02-21,Condom√≠nio inteiro em Rep√∫blica,203 Sofistica√ß√£o na melhor Localiza√ß√£o de SP203,6 h√≥spedes,1 quarto,1 cama,1 banheiro,Piscina,Wi-Fi,Estacionamento gratuito,Ar-condicionado,4.54,108,106,272,Raridade
981,47135379,2021-02-26,2021-02-28,Apartamento inteiro em Embar√©,Quarto e sala no Embar√© Canal 4,4 h√≥spedes,1 quarto,2 camas,1 banheiro,Wi-Fi,Ar-condicionado,Cozinha,Estacionamento gratuito,5.0,6,134,377,Novo pre√ßo mais baixo
